iso3,country,city,city_alt,lat,lon,pop_2020
AFG,Afghanistan,Herat,,34.3482,62.1997,605580
AFG,Afghanistan,Kabul,,34.5289,69.1725,4221530
AFG,Afghanistan,Kandahar,,31.6133,65.7101,498000
AFG,Afghanistan,Mazar-e Sharif,,36.709,67.1109,532690
ALB,Albania,Tiranë ,Tirana,41.3275,19.8189,493710
DZA,Algeria,Annaba,,36.9,7.7667,358240
DZA,Algeria,Batna,,35.556,6.1741,329330
DZA,Algeria,Blida,,36.4808,2.8319,472730
DZA,Algeria,El Djazaïr  ,Algiers,36.7525,3.042,2767660
DZA,Algeria,El Djelfa,,34.6728,3.263,503400
DZA,Algeria,Qacentina,,36.3549,6.6073,414010
DZA,Algeria,Sétif,,36.1911,5.4137,313400
DZA,Algeria,Wahran ,Oran,35.6911,-0.6417,899180
AGO,Angola,Benguela,,-12.575999999999999,13.405,715130
AGO,Angola,Cabinda,,-5.55,12.2,777700
AGO,Angola,Cuito,,-12.383,16.933,535410
AGO,Angola,Huambo,,-12.7761,15.7392,671410
AGO,Angola,Lobito,,-12.364,13.536,426310
AGO,Angola,Luanda,,-8.8368,13.2343,8329799
AGO,Angola,Lubango,,-14.9172,13.4925,828250
AGO,Angola,Malanje,,-9.54,16.340999999999998,665150
AGO,Angola,Uige,,-7.1069,15.4406,510630
ARG,Argentina,Bahia Blanca,,-38.7196,-62.2724,315530
ARG,Argentina,Buenos Aires,,-34.6051,-58.4004,15153730
ARG,Argentina,Córdoba,,-31.4135,-64.1811,1571940
ARG,Argentina,Corrientes,,-27.4806,-58.8341,407730
ARG,Argentina,La Plata,,-34.9215,-57.9545,884050
ARG,Argentina,Mar Del Plata,,-38.0023,-57.5575,665710
ARG,Argentina,Mendoza,,-32.8908,-68.8272,1172620
ARG,Argentina,Neuquén-Plottier-Cipolletti,,-38.9514,-68.0648,408610
ARG,Argentina,Posadas,,-27.3671,-55.8961,388780
ARG,Argentina,Resistencia,,-27.4606,-58.9839,432250
ARG,Argentina,Rosario,,-32.9468,-60.6393,1532130
ARG,Argentina,Salta,,-24.7859,-65.4117,684750
ARG,Argentina,San Juan,,-31.5375,-68.5364,536910
ARG,Argentina,San Miguel de Tucumán,,-26.8241,-65.2226,985660
ARG,Argentina,San Salvador de Jujuy,,-24.1946,-65.2971,361110
ARG,Argentina,Santa Fe,,-31.6327,-60.6983,562920
ARG,Argentina,Santiago Del Estero,,-27.7951,-64.2615,435570
ARM,Armenia,Yerevan,,40.181999999999995,44.5146,1086280
AUS,Australia,Adelaide,,-34.9287,138.5986,1336400
AUS,Australia,Brisbane,,-27.4679,153.0281,2406180
AUS,Australia,Canberra,,-35.2835,149.1281,457330
AUS,Australia,Central Coast,,-33.42,151.3958,334920
AUS,Australia,Gold Coast-Tweed Head,,-28.0003,153.4309,699230
AUS,Australia,Melbourne,,-37.814,144.9633,4967730
AUS,Australia,Newcastle-Maitland,,-32.9249,151.7409,450360
AUS,Australia,Perth,,-31.9478,115.8525,2041960
AUS,Australia,Sunshine Coast,,-26.6601,153.0995,346830
AUS,Australia,Sydney,,-33.8679,151.2073,4925990
AUS,Australia,Wollongong,,-34.424,150.8935,305330
AUT,Austria,Wien ,Vienna,48.2064,16.3707,1929940
AZE,Azerbaijan,Baku,,40.3777,49.891999999999996,2341440
AZE,Azerbaijan,Gäncä,,40.6828,46.3606,340910
AZE,Azerbaijan,Sumquayit,,40.5897,49.6686,354090
BHR,Bahrain,Al-Manamah ,Manama,26.2154,50.5832,634510
BGD,Bangladesh,Barisal,,22.7019,90.3711,483510
BGD,Bangladesh,Bogra,,24.85,89.3667,775030
BGD,Bangladesh,Chittagong,,22.3331,91.8364,5019820
BGD,Bangladesh,Comilla,,23.4578,91.2044,588770
BGD,Bangladesh,Dhaka,,23.7104,90.4074,21005860
BGD,Bangladesh,Khulna,,22.8098,89.5644,953750
BGD,Bangladesh,Mymensingh,,24.75,90.4,459980
BGD,Bangladesh,Rajshahi,,24.3667,88.6,907730
BGD,Bangladesh,Rangpur,,25.75,89.25,406960
BGD,Bangladesh,Rupganj,,23.7926,90.5206,481720
BGD,Bangladesh,Sylhet,,24.8967,91.8717,851810
BLR,Belarus,Brest,,52.0976,23.6878,358590
BLR,Belarus,Gomel,,52.4345,30.9754,557590
BLR,Belarus,Grodno,,53.6884,23.8258,386790
BLR,Belarus,Minsk,,53.9,27.5667,2028100
BLR,Belarus,Mogilev,,53.9141,30.3376,388470
BLR,Belarus,Vitebsk,,55.1905,30.2033,377970
BEL,Belgium,Antwerpen,,51.2199,4.4035,1042470
BEL,Belgium,Bruxelles-Brussel,,50.8467,4.3499,2080790
BEL,Belgium,Charleroi,,50.4114,4.4445,413430
BEL,Belgium,Gent,,51.05,3.7167,466410
BEL,Belgium,Liège,,50.6337,5.5675,677590
BEN,Benin,Abomey-Calavi,,6.4485,2.3557,1056440
BEN,Benin,Cotonou,,6.3654,2.4183,691950
BEN,Benin,Djougou,,9.7085,1.666,343420
BEN,Benin,Parakou,,9.3372,2.6303,357910
BOL,"Bolivia, Plurinational State of",Cochabamba,,-17.3895,-66.1568,1303910
BOL,"Bolivia, Plurinational State of",La Paz,,-16.5,-68.15,1857800
BOL,"Bolivia, Plurinational State of",Oruro,,-17.9833,-67.15,318020
BOL,"Bolivia, Plurinational State of",Santa Cruz,,-17.7989,-63.1698,1712690
BIH,Bosnia and Herzegovina,Sarajevo,,43.8486,18.3564,343090
BRA,Brazil,Anápolis,,-16.3267,-48.9528,384680
BRA,Brazil,Aracaju,,-10.9111,-37.0717,1009380
BRA,Brazil,Baixada Santista,,-23.956999999999997,-46.3266,1892310
BRA,Brazil,Bauru,,-22.3147,-49.0606,375730
BRA,Brazil,Belém,,-1.4561,-48.479,2334460
BRA,Brazil,Belo Horizonte,,-19.9208,-43.9378,6084430
BRA,Brazil,Blumenau,,-26.9194,-49.0661,347830
BRA,Brazil,Boa Vista,,2.8197,-60.6733,344310
BRA,Brazil,Brasília,,-15.7797,-47.9297,4645840
BRA,Brazil,Campina Grande,,-7.2306,-35.8811,399760
BRA,Brazil,Campinas,,-22.9109,-47.0656,3300790
BRA,Brazil,Campo Grande,,-20.4567,-54.6185,896860
BRA,Brazil,Campos dos Goytacazes,,-21.7664,-41.3196,451060
BRA,Brazil,Caruaru,,-8.2833,-35.9761,331180
BRA,Brazil,Cascavel,,-24.9558,-53.4553,314240
BRA,Brazil,Caxias Do Sul,,-29.1681,-51.1794,483770
BRA,Brazil,Cuiabá,,-15.5961,-56.0967,588570
BRA,Brazil,Curitiba,,-25.4278,-49.2731,3678730
BRA,Brazil,Feira De Santana,,-12.2667,-38.9667,602130
BRA,Brazil,Florianópolis,,-27.5967,-48.5492,1239330
BRA,Brazil,Fortaleza,,-3.7412,-38.5436,4073470
BRA,Brazil,Franca,,-20.5386,-47.4008,351930
BRA,Brazil,Goiânia,,-16.6786,-49.2539,2690010
BRA,Brazil,Grande São Luís,,-2.5385,-44.2832,1485760
BRA,Brazil,Grande Vitória,,-20.3054,-40.3079,2075860
BRA,Brazil,João Pessoa,,-7.115,-34.8631,1378250
BRA,Brazil,Joinville,,-26.3044,-48.8456,1303140
BRA,Brazil,Juazeiro Do Norte,,-7.2131,-39.3153,461340
BRA,Brazil,Juiz De Fora,,-21.7642,-43.3503,575480
BRA,Brazil,Jundiaí,,-23.1883,-46.8913,678520
BRA,Brazil,Londrina,,-23.3103,-51.1628,885520
BRA,Brazil,Macapá,,0.0389,-51.0664,486420
BRA,Brazil,Maceió,,-9.6658,-35.7353,1323040
BRA,Brazil,Manaus,,-3.1019,-60.025,2260790
BRA,Brazil,Maringá,,-23.4253,-51.9386,419990
BRA,Brazil,Montes Claros,,-16.735,-43.8617,397820
BRA,Brazil,Natal,,-5.795,-35.2094,1456840
BRA,Brazil,Pelotas,,-31.7719,-52.3425,326240
BRA,Brazil,Petrolina,,-9.3986,-40.5008,477240
BRA,Brazil,Piracicaba,,-22.7253,-47.6492,401100
BRA,Brazil,Ponta Grossa,,-25.095,-50.1619,349360
BRA,Brazil,Pôrto Alegre,,-30.0331,-51.23,4137420
BRA,Brazil,Pôrto Velho,,-8.7619,-63.9039,510420
BRA,Brazil,Recife,,-8.0539,-34.8811,4127090
BRA,Brazil,Ribeirão  Preto,,-21.1775,-47.8103,714110
BRA,Brazil,Rio Branco,,-9.9747,-67.81,370130
BRA,Brazil,Rio de Janeiro,,-22.9028,-43.2075,13458080
BRA,Brazil,Salvador,,-12.9711,-38.5108,3839080
BRA,Brazil,São José do Rio Preto,,-20.8197,-49.3794,439020
BRA,Brazil,São José dos Campos,,-23.1794,-45.8869,721800
BRA,Brazil,São Paulo,,-23.5475,-46.6361,22043030
BRA,Brazil,Sorocaba,,-23.5017,-47.4581,786000
BRA,Brazil,Taubaté,,-23.0264,-45.5553,312620
BRA,Brazil,Teresina,,-5.0892,-42.8019,1021230
BRA,Brazil,Uberaba,,-19.7483,-47.9319,333490
BRA,Brazil,Uberlândia,,-18.9186,-48.2772,686900
BRA,Brazil,Vale do Aço,,-19.9405,-43.9354,521740
BRA,Brazil,Vitória da Conquista,,-14.8661,-40.8394,327670
BRA,Brazil,Volta Redonda,,-22.5231,-44.1042,445230
BGR,Bulgaria,Plovdiv,,42.15,24.75,346560
BGR,Bulgaria,Sofia,,42.6975,23.3242,1280970
BGR,Bulgaria,Varna,,43.2167,27.9167,335070
BFA,Burkina Faso,Bobo-Dioulasso,,11.1772,-4.2979,972120
BFA,Burkina Faso,Ouagadougou,,12.3642,-1.5383,2780330
BDI,Burundi,Bujumbura,,-3.3822,29.3644,1013000
KHM,Cambodia,Phnum Pénh ,Phnom Penh,11.5625,104.916,2077760
CMR,Cameroon,Bafoussam,,5.4737,10.4179,423980
CMR,Cameroon,Bamenda,,5.9527,10.1582,533260
CMR,Cameroon,Douala,,4.0483,9.7043,3663230
CMR,Cameroon,Garoua,,9.3,13.4,345850
CMR,Cameroon,Loum,,4.7182,9.7351,497580
CMR,Cameroon,Mbouda,,5.6258,10.2552,485660
CMR,Cameroon,Yaoundé,,3.8667,11.5167,3992410
CAN,Canada,Calgary,,51.0441,-114.0593,1547480
CAN,Canada,Edmonton,,53.5434,-113.5037,1461180
CAN,Canada,Halifax,,44.6477,-63.5818,412670
CAN,Canada,Hamilton,,43.2495,-79.8475,766690
CAN,Canada,Kitchener-Cambrigde-Waterloo,,43.4254,-80.5112,562470
CAN,Canada,London,,42.9834,-81.233,508230
CAN,Canada,Montréal,,45.5088,-73.5878,4220570
CAN,Canada,Oshawa,,43.9001,-78.8496,398460
CAN,Canada,Ottawa-Gatineau,,45.4166,-75.69800000000001,1393090
CAN,Canada,Québec,,46.8123,-71.2145,826110
CAN,Canada,Saskatoon,,52.1168,-106.6345,324720
CAN,Canada,St. Catharines-Niagara,,43.1668,-79.2496,416050
CAN,Canada,Toronto,,43.7001,-79.4163,6196730
CAN,Canada,Vancouver,,49.2497,-123.1193,2581080
CAN,Canada,Victoria,,48.4329,-123.3693,386000
CAN,Canada,Windsor,,42.2811,-83.0079,336080
CAN,Canada,Winnipeg,,49.8955,-97.1294,816590
CAF,Central African Republic,Bangui,,4.3612,18.555,889230
TCD,Chad,N'Djaména,,12.1067,15.0444,1422550
CHL,Chile,Antofagasta,,-23.65,-70.4,438870
CHL,Chile,Concepción,,-36.827,-73.0498,880720
CHL,Chile,La Serena-Coquimbo,,-29.9045,-71.2489,483640
CHL,Chile,Santiago,,-33.4569,-70.6483,6767220
CHL,Chile,Temuco,,-38.7333,-72.6,341950
CHL,Chile,Valparaíso,,-33.0393,-71.6273,983750
CHN,China,Akesu,,41.1695,80.2626,413260
CHN,China,Ankang,,32.6912,109.0297,636290
CHN,China,Anlu,,31.2575,113.6783,342180
CHN,China,Anning,,24.9211,102.4784,317090
CHN,China,Anqing,,30.543000000000003,117.0533,726950
CHN,China,Anqiu,,36.4342,119.1925,682300
CHN,China,Anshan,,41.1236,122.99,1629170
CHN,China,Anshun,,26.2444,105.9324,600120
CHN,China,Anyang,,36.0944,114.3503,1460110
CHN,China,Baicheng,,45.6183,122.8418,332830
CHN,China,Baishan,,41.9373,126.4229,821970
CHN,China,Baiyin,,36.5487,104.1831,404640
CHN,China,Baoding,,38.8511,115.4903,1975790
CHN,China,Baoji,,34.3651,107.2004,1164670
CHN,China,Baotou,,40.6522,109.8222,2190500
CHN,China,Bayannaoer,,40.7505,107.4052,443110
CHN,China,Bazhong,,31.8662,106.7325,991820
CHN,China,Beihai,,21.4785,109.12,486990
CHN,China,Beijing,,39.9075,116.3972,20462610
CHN,China,Bengbu,,32.9408,117.3608,901770
CHN,China,Benxi,,41.2886,123.765,1157410
CHN,China,Bijie,,27.307,105.2837,637800
CHN,China,Binzhou,,37.3811,118.0109,1083870
CHN,China,Botou,,38.0667,116.5667,394570
CHN,China,Bozhou,,33.8703,115.777,742150
CHN,China,Cangzhou,,38.3167,116.8667,560960
CHN,China,Cenxi,,22.9191,110.9945,565510
CHN,China,Changchun,,43.8825,125.294,4425760
CHN,China,Changde,,29.0464,111.6783,830010
CHN,China,Changge,,34.2224,113.7736,490120
CHN,China,Changji,,44.0117,87.3038,393240
CHN,China,Changning,,26.4078,112.3957,510280
CHN,China,Changsha,,28.2274,112.9383,4577720
CHN,China,Changshu,,31.6539,120.7467,938680
CHN,China,Changyi,,36.8546,119.3913,482030
CHN,China,Changzhi,,36.1921,113.1155,846370
CHN,China,"Changzhou, Jiangsu",,31.7943,119.9589,3625330
CHN,China,Chaohu,,31.6,117.8667,485120
CHN,China,Chaoyang,,41.5773,120.4511,539050
CHN,China,Chaozhou,,23.6651,116.6379,1428380
CHN,China,Chengde,,40.9672,117.9322,880490
CHN,China,Chengdu,,30.6667,104.0667,9135770
CHN,China,Chenzhou,,25.8,113.0333,959880
CHN,China,Chifeng,,42.2646,118.9152,1164790
CHN,China,Chizhou,,30.6578,117.4831,458420
CHN,China,Chongqing,,29.5628,106.5528,15872180
CHN,China,Chuxiong,,25.0445,101.541,500870
CHN,China,Chuzhou,,32.2985,118.3164,522059
CHN,China,Cixi,,30.1761,121.2524,1609220
CHN,China,Dali,,25.59,100.2235,514610
CHN,China,Dalian,,38.9138,121.6023,5617850
CHN,China,Dandong,,40.1198,124.3739,877260
CHN,China,Danyang,,32.0008,119.5745,718650
CHN,China,Danzhou,,19.5166,109.5752,388990
CHN,China,Daqing,,46.5833,125.0,1859000
CHN,China,Dashiqiao,,40.6373,122.5025,368960
CHN,China,Datong,,40.0805,113.29299999999999,1745330
CHN,China,Daye,,30.0987,114.9703,578370
CHN,China,Dazhou,,31.2159,107.5009,682340
CHN,China,Dengfeng,,34.4553,113.0281,540790
CHN,China,Dengzhou,,32.6822,112.0819,673630
CHN,China,Deyang,,31.1302,104.382,857310
CHN,China,Dezhou,,37.4518,116.301,986190
CHN,China,Dingzhou,,38.5131,114.9956,323650
CHN,China,Donggang,,39.8834,124.1462,370170
CHN,China,Dongguan,,23.0212,113.7414,7407850
CHN,China,Dongtai,,32.8523,120.3095,677000
CHN,China,Dongyang,,29.2753,120.2303,566080
CHN,China,Dongying,,37.4533,118.5785,1276030
CHN,China,Dujiangyan,,30.9966,103.6281,382170
CHN,China,Emeishan,,29.6007,103.4856,368190
CHN,China,Enping,,22.1853,112.3048,385670
CHN,China,Enshi,,30.2902,109.4785,586670
CHN,China,Erduosi ,Ordoss,39.5917,109.7666,706660
CHN,China,Ezhou,,30.4001,114.8846,668410
CHN,China,Fangchenggang,,21.7659,108.354,420070
CHN,China,Feicheng,,36.1854,116.7674,551320
CHN,China,Fengcheng,,28.1787,115.7758,448070
CHN,China,Foshan,,23.0228,113.12,7326850
CHN,China,Fuan,,27.0881,119.6454,459060
CHN,China,Fujin,,47.2485,132.0373,329540
CHN,China,Fuqing,,25.725,119.3794,584630
CHN,China,"Fushun, Liaoning",,41.8807,123.9467,1285390
CHN,China,Fuxin,,42.0156,121.6589,839190
CHN,China,Fuyang,,32.8895,115.8152,1036160
CHN,China,"Fuzhou, Fujian",,26.0754,119.2989,3685700
CHN,China,"Fuzhou, Jiangxi",,27.9812,116.3557,989880
CHN,China,Ganzhou,,25.85,114.9333,1285040
CHN,China,Gaoan,,28.4271,115.3722,459240
CHN,China,Gaomi,,36.3833,119.7528,716260
CHN,China,Gaoping,,35.7977,112.92299999999999,372920
CHN,China,Gaoyou,,32.7791,119.447,507930
CHN,China,Gaozhou,,21.9159,110.8499,537330
CHN,China,Gongyi,,34.76,112.9714,511410
CHN,China,Gongzhuling,,43.5008,124.8198,373210
CHN,China,Guang'an,,30.4639,106.6351,484320
CHN,China,Guangyuan,,32.442,105.823,539180
CHN,China,"Guangzhou, Guangdong",,23.1255,113.2574,13301530
CHN,China,Guigang,,23.0964,109.6092,891170
CHN,China,Guilin,,25.2819,110.2864,1134390
CHN,China,Guiping,,23.3934,110.0744,891160
CHN,China,Guiyang,,26.5833,106.7167,3317110
CHN,China,Haerbin,,45.7563,126.6467,6387200
CHN,China,Haicheng,,40.8552,122.7434,783480
CHN,China,Haikou,,20.0274,110.3301,1889070
CHN,China,Hailin,,44.5769,129.3896,323340
CHN,China,Haimen,,31.8952,121.1684,626070
CHN,China,Haining,,30.5273,120.6897,527660
CHN,China,Haiyang,,36.7823,121.1703,328140
CHN,China,Hami,,42.8259,93.5169,398950
CHN,China,Hanchuan,,30.6516,113.8329,715220
CHN,China,Handan,,36.6006,114.4678,2726840
CHN,China,Hangzhou,,30.2937,120.1614,7642150
CHN,China,Hanzhong,,33.0728,107.0303,605330
CHN,China,Hebi,,35.747,114.2956,565990
CHN,China,Hechi,,24.6977,108.0808,415020
CHN,China,Hefei,,31.8639,117.2808,4241510
CHN,China,Hegang,,47.3443,130.2937,638860
CHN,China,Hejian,,38.4425,116.0949,440020
CHN,China,Hengshui,,37.7411,115.6781,856710
CHN,China,Hengyang,,26.8841,112.6251,1527110
CHN,China,Heshan,,22.7659,112.959,391930
CHN,China,Heyuan,,23.7509,114.6992,523820
CHN,China,Heze,,35.2451,115.4598,795250
CHN,China,Hezhou,,24.4152,111.554,625300
CHN,China,Hohhot,,40.8106,111.6522,2163390
CHN,China,Huai'an,,33.607,119.0148,2655320
CHN,China,Huaibei,,33.9549,116.7929,1141730
CHN,China,Huaihua,,27.5494,109.9592,751800
CHN,China,Huainan,,32.6264,116.9969,1437840
CHN,China,Huangshan,,29.7127,118.3225,398410
CHN,China,Huangshi,,30.2068,115.0855,828320
CHN,China,Huazhou,,21.6572,110.6391,355840
CHN,China,Huixian,,35.4672,113.8013,358550
CHN,China,Huizhou,,23.0833,114.4,2524540
CHN,China,Huludao,,40.7524,120.8355,775320
CHN,China,Huzhou,,30.8703,120.0933,988350
CHN,China,Jiamusi,,46.7979,130.3302,715970
CHN,China,"Ji'an, Jiangxi",,27.1177,114.9804,435060
CHN,China,Jiangmen,,22.5833,113.0833,1687310
CHN,China,Jiangyin,,31.9157,120.281,843290
CHN,China,Jianyang,,30.3921,104.5448,487130
CHN,China,Jiaozhou,,36.2839,120.0033,551500
CHN,China,Jiaozuo,,35.2397,113.2331,766770
CHN,China,Jiaxing,,30.7665,120.7482,1259840
CHN,China,Jiayuguan,,39.808,98.2761,336490
CHN,China,Jieyang,,23.5526,116.3721,1146760
CHN,China,Jilin,,43.8508,126.5603,1603330
CHN,China,"Ji'nan, Shandong",,36.6767,116.9971,5360190
CHN,China,Jincheng,,35.4865,112.8515,733880
CHN,China,Jingdezhen,,29.2947,117.2079,396300
CHN,China,Jingjiang,,32.012,120.2627,577510
CHN,China,Jingmen,,31.0417,112.2003,488920
CHN,China,"Jingzhou, Hubei",,30.3276,112.2484,1038300
CHN,China,Jinhua,,29.0807,119.6464,1122440
CHN,China,"Jining, Shandong",,35.4146,116.5847,1494250
CHN,China,Jinjiang,,24.8106,118.5773,498290
CHN,China,Jinzhong,,37.6882,112.7349,599610
CHN,China,Jinzhou,,41.1078,121.1417,1145360
CHN,China,Jiujiang,,29.7041,116.0013,913210
CHN,China,Jiuquan,,39.738,98.5042,382360
CHN,China,"Jixi, Heilongjiang",,45.2958,130.9701,949650
CHN,China,Jiyuan,,35.0926,112.5833,415540
CHN,China,Jurong,,31.9498,119.1609,434800
CHN,China,Kaifeng,,34.7911,114.3483,1274290
CHN,China,Kaili,,26.5834,107.9719,347560
CHN,China,Kaiping,,22.3724,112.7026,399950
CHN,China,Kelamayi,,45.5941,84.8729,457420
CHN,China,Kuerle,,41.7646,86.1472,761330
CHN,China,Kunming,,25.0389,102.7183,4443190
CHN,China,Kunshan ,,31.3881,120.9629,737650
CHN,China,Laibin,,23.738000000000003,109.2268,404240
CHN,China,Laiwu,,36.2074,117.67200000000001,907840
CHN,China,Laixi,,36.8651,120.5238,505120
CHN,China,Laiyang,,36.9758,120.7136,387060
CHN,China,Laizhou,,37.1797,119.943,394170
CHN,China,Langfang,,39.5097,116.6947,739630
CHN,China,Lanzhou,,36.0564,103.7922,3080520
CHN,China,Leiyang,,26.4169,112.8503,851070
CHN,China,Lengshuijiang,,27.6879,111.4374,343570
CHN,China,Leping,,28.971999999999998,117.1283,348100
CHN,China,Leshan,,29.5762,103.759,986920
CHN,China,Lianyungang,,34.5969,119.1758,1820130
CHN,China,Liaocheng,,36.4551,115.9826,760890
CHN,China,Liaoyang,,41.2719,123.1731,855660
CHN,China,Liaoyuan,,42.9036,125.1358,374790
CHN,China,Liling,,27.6667,113.5,812980
CHN,China,Linfen,,36.0889,111.5189,858100
CHN,China,Linhai,,28.8529,121.1403,708980
CHN,China,Linqing,,36.8456,115.7117,383370
CHN,China,"Linyi, Shandong",,35.0541,118.3334,1936910
CHN,China,Linzhou,,36.071,113.8156,408280
CHN,China,"Lishui, Zhejiang",,28.456999999999997,119.9192,422310
CHN,China,Liuan,,31.7543,116.4981,1195910
CHN,China,Liupanshui,,26.5923,104.8377,1077320
CHN,China,Liuyang,,28.15,113.6333,1169040
CHN,China,Liuzhou,,24.3017,109.3784,2165260
CHN,China,Liyang,,31.423000000000002,119.4837,454340
CHN,China,Longchang,,29.3394,105.2876,403680
CHN,China,Longhai,,24.4462,117.809,631200
CHN,China,Longkou,,37.6417,120.5199,520570
CHN,China,Longyan,,25.1072,117.0225,691990
CHN,China,Loudi,,27.7344,111.9944,639170
CHN,China,Luoding,,22.7708,111.566,364910
CHN,China,Luohe,,33.5731,114.0241,1039940
CHN,China,Luoyang,,34.6186,112.4562,2387090
CHN,China,Luzhou,,28.8775,105.4408,823000
CHN,China,Lvliang,,37.5195,111.1318,441840
CHN,China,Ma'anshan,,31.7071,118.5038,1019390
CHN,China,Macheng,,31.1783,115.0319,352420
CHN,China,Manzhouli,,49.5881,117.4545,336640
CHN,China,Maoming,,21.6627,110.9234,1204720
CHN,China,Meishan,,30.0761,103.8456,723270
CHN,China,Meizhou,,24.2989,116.1214,397830
CHN,China,"Mianyang, Sichuan",,31.4839,104.73700000000001,1275850
CHN,China,Miluo,,28.8069,113.0721,604160
CHN,China,Mudanjiang,,44.5833,129.6,925520
CHN,China,Nanchang,,28.6833,115.8833,3598420
CHN,China,Nanchong,,30.7951,106.0847,1257730
CHN,China,"Nanjing, Jiangsu",,32.0482,118.7898,8847370
CHN,China,Nankang,,25.6655,114.7558,417050
CHN,China,Nanning,,22.8167,108.3167,3859610
CHN,China,Nanping,,26.6433,118.1741,491290
CHN,China,Nantong,,31.9904,120.8655,2275780
CHN,China,"Nanyang, Henan",,32.9999,112.5259,1142800
CHN,China,Neijiang,,29.5835,105.0622,645870
CHN,China,Ningbo,,29.8782,121.5495,4116210
CHN,China,Ningde,,26.6617,119.5228,334020
CHN,China,Ningguo,,30.6209,118.9796,340380
CHN,China,Panjin,,41.1219,122.0701,1053130
CHN,China,Panzhihua,,26.5851,101.7128,707130
CHN,China,"Pingdingshan, Henan",,33.7417,113.304,1159980
CHN,China,Pingdu,,36.7808,119.9592,525090
CHN,China,Pinghu,,30.7037,121.0097,440960
CHN,China,Pingliang,,35.5392,106.6861,380400
CHN,China,"Pingxiang, Jiangxi",,27.6348,113.8477,928900
CHN,China,Pizhou,,34.3114,117.9503,1063230
CHN,China,Puning,,23.2967,116.1647,1160050
CHN,China,Putian,,25.4394,119.0103,1907350
CHN,China,Puyang,,35.7705,115.0438,632350
CHN,China,Qianjiang,,30.4221,112.8925,511740
CHN,China,Qidong,,31.8134,121.6577,362530
CHN,China,Qingdao,,36.0986,120.3719,5619980
CHN,China,Qingyuan,,23.7146,113.0297,734860
CHN,China,Qingzhou,,36.6845,118.4796,520370
CHN,China,Qinhuangdao,,39.9317,119.5883,1535220
CHN,China,Qinzhou,,21.9681,108.6214,644360
CHN,China,Qiqihaer,,47.3408,123.9672,1559580
CHN,China,Qitaihe,,45.7671,130.975,578990
CHN,China,Quanzhou,,24.8968,118.5997,1694080
CHN,China,Qufu,,35.5967,116.9911,365570
CHN,China,Qujing,,25.4894,103.7977,942340
CHN,China,Quzhou,,28.9594,118.8686,757660
CHN,China,Renqiu,,38.6989,116.0936,640270
CHN,China,Rizhao,,35.4034,119.512,1270950
CHN,China,Rongcheng,,37.154,122.4363,407670
CHN,China,Rugao,,32.3977,120.5604,317220
CHN,China,Ruian,,27.7808,120.6755,1168980
CHN,China,Rushan,,36.9158,121.5267,321110
CHN,China,Sanhe,,39.9819,117.0713,576240
CHN,China,Sanmenxia,,34.7715,111.2038,561370
CHN,China,Sanming,,26.2641,117.6191,372440
CHN,China,Sanya,,18.2676,109.5034,625290
CHN,China,Shanghai,,31.2222,121.4581,27058480
CHN,China,Shangqiu,,34.4244,115.6514,826600
CHN,China,Shangrao,,28.4604,117.9531,1028520
CHN,China,Shangyu,,30.0311,120.8722,510810
CHN,China,Shantou,,23.3681,116.7148,4327320
CHN,China,Shanwei,,22.7787,115.3568,429620
CHN,China,Shaoguan,,24.8,113.5833,761250
CHN,China,Shaoxing,,30.011,120.5715,2540020
CHN,China,Shaoyang,,27.2403,111.4709,713560
CHN,China,Shengzhou,,29.593000000000004,120.8214,401020
CHN,China,Shenmu,,38.8341,110.4847,349270
CHN,China,Shenyang,,41.7922,123.4328,7220100
CHN,China,Shenzhen,,22.5415,114.0634,12356820
CHN,China,Shihezi,,44.3075,86.03200000000001,329750
CHN,China,Shijiazhuang,,38.0418,114.5108,4114390
CHN,China,Shishi,,24.7367,118.634,585320
CHN,China,Shiyan,,32.6445,110.7836,1241450
CHN,China,Shizuishan,,39.2333,106.7694,514460
CHN,China,Shouguang,,36.8788,118.7482,544210
CHN,China,Shuangyashan,,46.6361,131.1539,503180
CHN,China,Shuozhou,,39.3158,112.4225,563460
CHN,China,Sihui,,23.3462,112.6958,591080
CHN,China,Siping,,43.1633,124.3686,594480
CHN,China,Songyuan,,27.6217,119.0592,513230
CHN,China,Songzi,,30.1736,111.7761,332000
CHN,China,Suihua,,46.6366,126.98299999999999,421820
CHN,China,"Suining, Sichuan",,30.5236,105.5639,699680
CHN,China,Suizhou,,31.7111,113.3631,445440
CHN,China,Suqian,,33.9681,118.2924,1440060
CHN,China,"Suzhou, Anhui",,33.6359,116.9747,1169930
CHN,China,"Suzhou, Jiangsu",,31.3021,120.5853,7069990
CHN,China,"Taian, Shandong",,36.1904,117.1191,1338830
CHN,China,Taicang,,31.4549,121.1172,654440
CHN,China,Taishan,,22.2504,112.7943,524940
CHN,China,Taixing,,32.1667,120.0136,747590
CHN,China,"Taiyuan, Shanxi",,37.8619,112.5516,3891130
CHN,China,"Taizhou, Jiangsu",,32.4945,119.9029,1348060
CHN,China,"Taizhou, Zhejiang",,28.6372,121.4185,1934850
CHN,China,"Tangshan, Hebei",,39.6285,118.1799,3425640
CHN,China,Tengzhou,,35.0845,117.1624,1189960
CHN,China,Tianjin,,39.1088,117.1886,13589080
CHN,China,Tianmen,,30.6534,113.1605,869840
CHN,China,Tianshui,,34.5809,105.7237,765370
CHN,China,Tieling,,42.2931,123.8414,412260
CHN,China,Tongcheng,,31.0538,116.9556,418420
CHN,China,Tongchuan,,34.8988,108.9506,546650
CHN,China,Tonghua,,41.7201,125.9281,572970
CHN,China,Tongliao,,43.6125,122.2653,702280
CHN,China,Tongling,,30.9363,117.8109,696640
CHN,China,Tongxiang,,30.6296,120.5536,629530
CHN,China,Ürümqi ,Wulumqi,43.8253,87.6038,4368870
CHN,China,Wafangdian ,,39.6267,121.9949,459830
CHN,China,Wanning,,18.7955,110.3826,362910
CHN,China,Weifang,,36.71,119.1019,2653990
CHN,China,Weihai,,37.5017,122.1136,1304320
CHN,China,Weinan,,34.5036,109.5089,553300
CHN,China,Wenchang,,19.614,110.7505,356070
CHN,China,Wenling,,28.3758,121.3781,1037160
CHN,China,Wenzhou,,27.9994,120.6668,3623650
CHN,China,Wuchuan ,,21.430999999999997,110.7762,348870
CHN,China,Wuhai,,39.6647,106.8122,630300
CHN,China,Wuhan,,30.5833,114.2667,8364980
CHN,China,"Wuhu, Anhui",,31.3336,118.3812,1870280
CHN,China,Wulanhaote,,46.0748,122.0679,335440
CHN,China,Wuwei,,37.9251,102.6337,399720
CHN,China,"Wuxi, Jiangsu",,31.5367,120.2986,3256020
CHN,China,Wuzhou,,23.4832,111.2741,696630
CHN,China,Xiamen,,24.4798,118.0819,3720140
CHN,China,"Xi'an, Shaanxi",,34.2894,108.9402,8000970
CHN,China,"Xiangtan, Hunan",,27.8283,112.927,1142980
CHN,China,Xiangyang,,32.0088,112.14399999999999,1657730
CHN,China,Xianning,,29.8356,114.3303,350450
CHN,China,Xiantao,,30.3718,113.4484,588540
CHN,China,"Xianyang, Shaanxi",,34.3386,108.7015,715010
CHN,China,Xiaogan,,30.9256,113.9175,783480
CHN,China,Xinghua,,32.9373,119.8387,791300
CHN,China,Xingning,,24.1455,115.7253,487820
CHN,China,Xingping,,34.3011,108.4877,389650
CHN,China,Xingtai,,37.0631,114.4942,831180
CHN,China,Xingyang,,34.7916,113.3834,396960
CHN,China,"Xingyi, Guizhou",,25.0945,104.8983,369670
CHN,China,Xining,,36.6167,101.7667,1539440
CHN,China,Xinmi,,34.5355,113.389,575700
CHN,China,Xintai,,35.9006,117.7519,936380
CHN,China,Xinxiang,,35.2989,113.9015,1081030
CHN,China,Xinyang,,32.1289,114.0746,797370
CHN,China,Xinyi,,34.3668,118.34299999999999,559610
CHN,China,Xinyi,,22.3585,110.9388,401140
CHN,China,Xinyu,,27.8043,114.9334,857570
CHN,China,Xinzheng,,34.3985,113.7368,443990
CHN,China,Xinzhou,,38.4173,112.7331,374500
CHN,China,Xiongan,,38.9796,116.079,969540
CHN,China,Xuancheng,,30.949,118.7524,466760
CHN,China,Xuanwei,,26.229,104.1018,336550
CHN,China,Xuchang,,34.0167,113.8167,968140
CHN,China,Xuzhou,,34.2637,117.1866,2145970
CHN,China,Yaan,,29.9874,102.9945,360610
CHN,China,Yan'an,,36.5967,109.4838,678620
CHN,China,"Yancheng, Jiangsu",,33.3569,120.1551,1864420
CHN,China,Yangchun,,22.1704,111.7892,305110
CHN,China,Yangjiang,,21.8614,111.9563,890010
CHN,China,Yangquan,,37.8558,113.5826,794260
CHN,China,Yangzhou,,32.3915,119.4238,1992770
CHN,China,Yanji,,42.9075,129.5078,695170
CHN,China,Yanshi,,34.7293,112.7799,507640
CHN,China,Yantai,,37.4651,121.4372,2526700
CHN,China,Yibin,,28.7667,104.6238,814170
CHN,China,Yichang,,30.7144,111.2847,1548420
CHN,China,"Yichun, Heilongjiang",,47.7245,128.8337,598470
CHN,China,"Yichun, Jiangxi",,27.8062,114.3892,918050
CHN,China,Yinchuan,,38.4681,106.2731,1579050
CHN,China,Yingde,,24.1974,113.4055,430820
CHN,China,Yingkou,,40.6648,122.2283,1214050
CHN,China,Yining,,43.9196,81.3161,356000
CHN,China,Yiwu,,29.3151,120.0768,1334360
CHN,China,Yixing,,31.3599,119.7763,432410
CHN,China,"Yiyang, Hunan",,28.5666,112.3487,558620
CHN,China,Yongcheng,,33.9318,116.4434,473510
CHN,China,Yongkang,,28.9033,120.0328,526070
CHN,China,Yongzhou,,26.4351,111.6063,781940
CHN,China,Yuanjiang,,28.843000000000004,112.3642,344060
CHN,China,Yueqing,,28.1194,120.9612,1060700
CHN,China,Yueyang,,29.3722,113.1153,1009530
CHN,China,Yuhuan,,28.1359,121.2318,459710
CHN,China,"Yulin, Guangxi",,22.6339,110.1533,613670
CHN,China,"Yulin, Shaanxi",,38.2838,109.7315,695610
CHN,China,Yuncheng,,35.0231,110.9928,675080
CHN,China,Yunfu,,22.9306,112.0373,359670
CHN,China,Yushu,,44.8243,126.551,356500
CHN,China,Yuxi,,24.3567,102.5395,662860
CHN,China,Yuyao,,30.0426,121.1531,678840
CHN,China,Zaoyang,,32.1272,112.7542,562380
CHN,China,Zaozhuang,,34.8647,117.5542,1087750
CHN,China,Zhangjiagang,,31.865,120.5389,656040
CHN,China,Zhangjiakou,,40.81,114.8794,1434650
CHN,China,Zhangshu,,28.066,115.5473,328340
CHN,China,Zhangye,,38.9342,100.4517,442600
CHN,China,Zhangzhou,,24.5133,117.6556,871690
CHN,China,Zhanjiang,,21.2662,110.3596,1286850
CHN,China,Zhaodong,,46.0668,125.9896,550240
CHN,China,Zhaoqing,,23.0512,112.4597,1023780
CHN,China,Zhaotong,,27.3363,103.7189,338950
CHN,China,Zhaoyuan,,37.3592,120.3964,347660
CHN,China,Zhengzhou,,34.7578,113.6486,5322700
CHN,China,"Zhenjiang, Jiangsu",,32.2027,119.4489,1173820
CHN,China,Zhongshan,,22.518,113.3839,2913970
CHN,China,Zhongxiang,,31.1661,112.5831,491710
CHN,China,Zhoukou,,33.6174,114.6461,650060
CHN,China,Zhoushan,,29.9885,122.2135,647420
CHN,China,Zhuanghe,,39.7051,122.9688,465760
CHN,China,Zhucheng,,35.9947,119.3975,891490
CHN,China,Zhuhai,,22.2769,113.5678,1759380
CHN,China,Zhuji,,29.7132,120.2368,777540
CHN,China,Zhumadian,,32.9794,114.0294,716000
CHN,China,Zhuozhou,,39.4846,115.9783,355460
CHN,China,Zhuzhou,,27.8333,113.15,1186910
CHN,China,Zibo,,36.7906,118.0633,2639740
CHN,China,Zigong,,29.3416,104.7769,737290
CHN,China,Zixing,,25.9762,113.2319,330480
CHN,China,Ziyang,,30.1256,104.6305,500090
CHN,China,Zunyi,,27.7113,106.9365,1280960
HKG,Hong Kong,Hong Kong,,22.2796,114.1887,7547650
MAC,Macao,Macao,,22.2006,113.5461,651880
TWN,Taiwan,Gaoxiong,,22.625999999999998,120.3155,1537640
TWN,Taiwan,Jilong,,25.1309,121.7361,368950
TWN,Taiwan,Taibei,,25.046999999999997,121.5457,2721490
TWN,Taiwan,Tainan,,23.1316,120.259,850000
TWN,Taiwan,Taizhong,,24.1416,120.6727,1320590
TWN,Taiwan,Taoyuan,,24.9936,121.2969,2245160
TWN,Taiwan,Xinbei,,25.0121,121.4621,4398380
TWN,Taiwan,Xinzhu,,24.8036,120.9686,450520
COL,Colombia,Armenia,,4.5339,-75.6811,410130
COL,Colombia,Barranquilla,,10.9639,-74.7964,2272910
COL,Colombia,Bogotá,,4.6097,-74.0818,10978360
COL,Colombia,Bucaramanga,,7.1254,-73.1198,1331450
COL,Colombia,Buenaventura,,3.885,-77.07,451500
COL,Colombia,Cali,,3.4372,-76.5225,2781980
COL,Colombia,Cartagena,,10.3997,-75.5144,1062620
COL,Colombia,Cúcuta,,7.8939,-72.5078,933380
COL,Colombia,Ibagué,,4.4389,-75.2322,586190
COL,Colombia,Manizales,,5.0689,-75.5174,448040
COL,Colombia,Medellín,,6.2518,-75.5636,4000260
COL,Colombia,Monteria,,8.748,-75.8814,426480
COL,Colombia,Neiva,,2.9273,-75.2819,357220
COL,Colombia,Pasto,,1.2136,-77.2811,388480
COL,Colombia,Pereira,,4.8133,-75.6961,579620
COL,Colombia,Santa Marta,,11.2408,-74.199,527330
COL,Colombia,Valledupar,,10.4631,-73.2532,533450
COL,Colombia,Villavicencio,,4.1419999999999995,-73.6266,544120
COG,Congo,Brazzaville,,-4.2658,15.2832,2388090
COG,Congo,Pointe-Noire,,-4.7761,11.8635,1214280
CRI,Costa Rica,Alajuela,,10.0167,-84.2167,365580
CRI,Costa Rica,Heredia,,10.0,-84.1167,340590
CRI,Costa Rica,San José,,9.9278,-84.0807,1399630
CIV,Côte d'Ivoire,Abidjan,,5.3453,-4.0268,5202760
CIV,Côte d'Ivoire,Bouake,,7.6939,-5.0303,571880
HRV,Croatia,Zagreb,,45.8144,15.978,684880
CUB,Cuba,Camaguey,,21.3808,-77.9169,309740
CUB,Cuba,La Habana ,Havana,23.1195,-82.3785,2140420
CUB,Cuba,Santiago de Cuba,,20.0247,-75.8219,437880
CZE,Czech Republic,Brno,,49.1952,16.608,378490
CZE,Czech Republic,Praha ,Prague,50.088,14.4208,1305740
PRK,"Korea, Democratic People's Republic of",Chongjin,,41.7956,129.7758,642450
PRK,"Korea, Democratic People's Republic of",Hamhung,,39.9183,127.5364,548990
PRK,"Korea, Democratic People's Republic of",P'yongyang,,39.0339,125.7543,3084240
PRK,"Korea, Democratic People's Republic of",Sinuiju,,40.1006,124.3981,326440
PRK,"Korea, Democratic People's Republic of",Wonsan,,39.1528,127.4436,353040
COD,Democratic Republic of the Congo,Bukavu,,-2.5083,28.8608,1078000
COD,Democratic Republic of the Congo,Bunia,,1.5667,30.25,679420
COD,Democratic Republic of the Congo,Goma,,-1.6792,29.2228,634200
COD,Democratic Republic of the Congo,Kabinda,,-6.1379,24.4818,465600
COD,Democratic Republic of the Congo,Kananga,,-5.8962,22.4166,1458400
COD,Democratic Republic of the Congo,Kikwit,,-5.041,18.8162,507460
COD,Democratic Republic of the Congo,Kinshasa,,-4.3276,15.3136,14342440
COD,Democratic Republic of the Congo,Kisangani,,0.5167,25.2,1261310
COD,Democratic Republic of the Congo,Kolwezi,,-10.7148,25.4667,494650
COD,Democratic Republic of the Congo,Likasi,,-10.9814,26.7333,567840
COD,Democratic Republic of the Congo,Lubumbashi,,-11.6609,27.4794,2478260
COD,Democratic Republic of the Congo,Matadi,,-5.8177,13.4717,389670
COD,Democratic Republic of the Congo,Mbandaka,,0.0487,18.2603,442990
COD,Democratic Republic of the Congo,Mbuji-Mayi,,-6.15,23.6,2525260
COD,Democratic Republic of the Congo,Tshikapa,,-6.4162,20.8,919190
COD,Democratic Republic of the Congo,Uvira,,-3.3953,29.1378,589730
DNK,Denmark,København ,Copenhagen,55.6759,12.5655,1346490
DJI,Djibouti,Djibouti,,11.5877,43.1447,576160
DOM,Dominican Republic,Santiago,,19.4602,-70.6997,664580
DOM,Dominican Republic,Santo Domingo,,18.4896,-69.9018,3317780
ECU,Ecuador,Cuenca,,-2.8833,-78.9833,418370
ECU,Ecuador,Guayaquil,,-2.1667,-79.9,2994220
ECU,Ecuador,Quito,,-0.2299,-78.525,1873760
ECU,Ecuador,Santo Domingo,,-0.2534,-79.1696,355470
EGY,Egypt,Al-Fayyum,,29.31,30.8418,409560
EGY,Egypt,Al-Iskandariyah ,Alexandria,31.1925,29.9046,5280660
EGY,Egypt,Al-Ismailiyah,,30.6043,32.2723,353960
EGY,Egypt,Al-Mahallah al-Kubra,,30.9745,31.165,517549
EGY,Egypt,Al-Mansurah,,31.0364,31.3807,555620
EGY,Egypt,Al-Qahirah ,Cairo,30.0392,31.2394,20900600
EGY,Egypt,As-Suways,,29.9681,32.5475,638230
EGY,Egypt,Aswan,,24.0934,32.907,344990
EGY,Egypt,Asyut,,27.180999999999997,31.1837,461000
EGY,Egypt,Az-Zaqazig,,30.5875,31.5019,358380
EGY,Egypt,Bur Sa'id,,31.2565,32.2841,737000
EGY,Egypt,Kafr-ad-Dawwar,,31.1339,30.1284,343620
EGY,Egypt,Tanta,,30.7872,30.9995,501420
SLV,El Salvador,San Salvador,,13.6894,-89.1872,1105770
GNQ,Equatorial Guinea,Bata,,1.8639,9.7658,415270
ERI,Eritrea,Asmara,,15.3333,38.9333,962990
EST,Estonia,Tallinn,,59.437,24.7535,445260
ETH,Ethiopia,Addis Ababa,,9.025,38.7469,4793700
ETH,Ethiopia,Dire Dawa,,9.5931,41.8661,408100
ETH,Ethiopia,Gondar,,12.6,37.4667,362310
ETH,Ethiopia,Mekele,,13.4967,39.4753,523919
ETH,Ethiopia,Nazret,,8.5409,39.2716,377820
FIN,Finland,Helsinki,,60.1692,24.9402,1304850
FIN,Finland,Tampere,,61.4991,23.7871,341580
FRA,France,Avignon,,43.9483,4.8089,469500
FRA,France,Béthune,,50.5333,2.6333,358080
FRA,France,Bordeaux,,44.8404,-0.5805,968990
FRA,France,Douai-Lens,,50.3682,3.0795,500780
FRA,France,Grenoble,,45.1667,5.7167,527720
FRA,France,Lille,,50.633,3.0586,1063090
FRA,France,Lyon,,45.7485,4.8467,1719270
FRA,France,Marseille-Aix-en-Provence,,43.5284,5.4433,1608240
FRA,France,Montpellier,,43.6109,3.8772,462160
FRA,France,Nantes,,47.2173,-1.5534,677770
FRA,France,Nice-Cannes,,43.6646,7.1534,942210
FRA,France,Paris,,48.8534,2.3488,11017230
FRA,France,Rennes,,48.111999999999995,-1.6743,353900
FRA,France,Rouen,,49.4431,1.0993,470000
FRA,France,Saint-Étienne,,45.4333,4.4,374880
FRA,France,Strasbourg,,48.5834,7.742999999999999,475230
FRA,France,Toulon,,43.123999999999995,5.9332,579100
FRA,France,Toulouse,,43.6043,1.4437,1024170
FRA,France,Tours,,47.3833,0.6833,360360
FRA,France,Valenciennes,,50.35,3.5333,338080
GAB,Gabon,Libreville,,0.3925,9.4537,834200
GMB,Gambia,Banjul,,13.4531,-16.6794,450690
GEO,Georgia,Tbilisi,,41.6941,44.8337,1077830
DEU,Germany,Berlin,,52.5244,13.4105,3562040
DEU,Germany,Bielefeld,,52.0333,8.5333,334490
DEU,Germany,Bochum,,51.4833,7.2167,375990
DEU,Germany,Bonn,,50.7344,7.0955,320190
DEU,Germany,Bremen,,53.0752,8.8078,565350
DEU,Germany,Dortmund,,51.5167,7.45,589600
DEU,Germany,Dresden,,51.0509,13.7383,575480
DEU,Germany,Duesseldorf,,51.2217,6.7762,631940
DEU,Germany,Duisburg,,51.4333,6.75,515080
DEU,Germany,Essen,,51.4537,7.0104,582130
DEU,Germany,Frankfurt am Main,,50.1167,8.6833,777160
DEU,Germany,Hamburg,,53.55,10.0,1789950
DEU,Germany,Hannover,,52.3705,9.7332,536980
DEU,Germany,Karlsruhe,,49.0047,8.3858,318060
DEU,Germany,Köln ,Cologne,50.9333,6.95,1118790
DEU,Germany,Leipzig,,51.3396,12.3713,591050
DEU,Germany,Mannheim,,49.4883,8.4647,331670
DEU,Germany,Muenster ,Westfalen,51.9624,7.6257,329910
DEU,Germany,München ,Munich,48.1371,11.5734,1538300
DEU,Germany,Nurenberg,,49.4504,11.0758,511940
DEU,Germany,Stuttgart,,48.7823,9.177,632690
DEU,Germany,Wuppertal,,51.2667,7.1833,349310
GHA,Ghana,Accra,,5.556,-0.1969,2514010
GHA,Ghana,Kumasi,,6.6885,-1.6244,3348060
GHA,Ghana,Sekondi Takoradi,,4.934,-1.7137,945520
GHA,Ghana,Tamale,,9.4008,-0.8393,641910
GRC,Greece,Athínai ,Athens,37.9534,23.749000000000002,3153360
GRC,Greece,Thessaloniki,,40.6403,22.9439,812170
GTM,Guatemala,Ciudad de Guatemala ,Guatemala City,14.6127,-90.5307,2934840
GIN,Guinea,Conakry,,9.5716,-13.6476,1938270
GNB,Guinea-Bissau,Bissau,,11.8636,-15.5977,599710
HTI,Haiti,Port-au-Prince,,18.5392,-72.335,2773550
HND,Honduras,San Pedro Sula,,15.5,-88.0333,902750
HND,Honduras,Tegucigalpa,,14.0818,-87.2068,1444090
HUN,Hungary,Budapest,,47.498000000000005,19.0399,1768070
IND,India,Agartala,,23.8364,91.275,575070
IND,India,Agra,,27.1833,78.0167,2210250
IND,India,Ahmadabad,,23.0333,72.6167,8059440
IND,India,Ahmadnagar,,19.0833,74.7333,404240
IND,India,Aizawl,,23.7244,92.7175,369650
IND,India,Ajmer,,26.45,74.6333,613620
IND,India,Akola,,20.7333,77.0,450710
IND,India,Aligarh,,27.8833,78.0833,1210550
IND,India,Allahabad,,25.45,81.85,1393720
IND,India,Alwar,,27.5625,76.625,429280
IND,India,Amravati,,20.9333,77.75,752190
IND,India,Amritsar,,31.631,74.8755,1377370
IND,India,Anand,,22.5667,72.9333,371560
IND,India,Anantapur,,14.6833,77.6,448880
IND,India,Arrah,,25.5631,84.6714,329370
IND,India,Asansol,,23.6833,86.9833,1431260
IND,India,Aurangabad,,19.8766,75.3433,1558410
IND,India,Baharampur,,24.1,88.25,407130
IND,India,Bangalore,,12.9719,77.5937,12326530
IND,India,Barddhaman,,23.2406,87.8694,414310
IND,India,Bareilly,,28.35,79.4167,1255290
IND,India,Bathinda,,30.2,74.95,367770
IND,India,Begusarai,,25.4167,86.1333,467630
IND,India,Belgaum,,15.8521,74.5045,724750
IND,India,Bellary,,15.15,76.9333,520929
IND,India,Bhagalpur,,25.25,87.0,479100
IND,India,Bhavnagar,,21.7667,72.15,700370
IND,India,Bhilwara,,25.35,74.6333,452210
IND,India,Bhiwandi,,19.3,73.0667,859440
IND,India,Bhopal,,23.2667,77.4,2389550
IND,India,Bhubaneswar,,20.2333,85.8333,1162890
IND,India,Bihar Sharif,,25.1833,85.5167,373320
IND,India,Bijapur,,16.8244,75.7154,413770
IND,India,Bikaner,,28.0167,73.3,771880
IND,India,Bilaspur,,22.0783,82.1457,599810
IND,India,Bokaro Steel City,,23.6645,86.1478,633550
IND,India,Brahmapur,,19.3167,84.7833,408410
IND,India,Chandigarh,,30.7343,76.7933,1148470
IND,India,Chandrapur,,19.95,79.3,351870
IND,India,Chennai ,Madras,13.0531,80.2488,10971110
IND,India,Cherthala,,9.6835,76.3367,764140
IND,India,Coimbatore,,10.9925,76.9614,2786600
IND,India,Cuttack,,20.465,85.8793,742010
IND,India,Darbhanga,,26.1667,85.9,350960
IND,India,Davanagere,,14.4608,75.9199,511840
IND,India,Dehradun,,30.3167,78.0333,918950
IND,India,Delhi,,28.6667,77.2167,30290940
IND,India,Deoghar,,24.4886,86.699,349480
IND,India,Dewas,,22.9667,76.0667,355510
IND,India,Dhanbad,,23.8,86.45,1331190
IND,India,Dhule,,20.9,74.7833,409760
IND,India,Dhulian,,24.6709,87.9482,393500
IND,India,Dindigul,,10.369000000000002,77.9804,385740
IND,India,Durgapur,,23.5204,87.3119,675380
IND,India,Durg-Bhilainagar,,21.1887,81.2806,1207640
IND,India,English Bazar,,25.0,88.15,426790
IND,India,Erode,,11.3428,77.7274,634980
IND,India,Farrukhabad,,27.3905,79.5801,344410
IND,India,Firozabad,,27.15,78.4167,821040
IND,India,Gandhidham,,23.0671,70.14,389590
IND,India,Gaya,,24.7833,85.0,565250
IND,India,Gorakhpur,,26.7599,83.3714,758210
IND,India,Gulbarga,,17.3333,76.8333,673030
IND,India,Guntur,,16.3,80.45,854490
IND,India,Guwahati ,Gauhati,26.1735,91.7503,1116740
IND,India,Gwalior,,26.2236,78.1792,1378380
IND,India,Habra,,22.8344,88.6275,348370
IND,India,Haldwani-cum-kathgodam,,29.2187,79.5184,328800
IND,India,Hapur,,28.7167,77.7833,320710
IND,India,Hardwar,,29.9667,78.1667,425640
IND,India,Hisar,,29.1667,75.7167,353860
IND,India,Hosur,,12.7167,77.8167,493900
IND,India,Hubli-Dharwad,,15.4587,75.0106,1116730
IND,India,Hyderabad,,17.3753,78.4744,10004140
IND,India,Ichalkaranji,,16.7,74.4667,366910
IND,India,Imphal,,24.8167,93.95,575630
IND,India,Indore,,22.7179,75.8333,3016710
IND,India,Jabalpur,,23.166999999999998,79.9501,1449790
IND,India,Jaipur,,26.9167,75.8167,3909330
IND,India,Jalandhar,,31.3256,75.5792,1053670
IND,India,Jalgaon,,21.0092,75.5644,564540
IND,India,Jalna,,19.8333,75.8833,340660
IND,India,Jammu,,32.7278,74.8569,702090
IND,India,Jamnagar,,22.4667,70.0667,644740
IND,India,Jamshedpur,,22.8,86.1833,1599430
IND,India,Jhansi,,25.4333,78.5833,642710
IND,India,Jodhpur,,26.2392,73.0158,1471900
IND,India,Junagadh,,21.5167,70.4667,397230
IND,India,Kadapa,,14.470999999999998,78.8241,443340
IND,India,Kakinada,,16.9333,82.2167,514230
IND,India,Kanhangad,,12.3081,75.1063,339700
IND,India,Kannur,,11.8729,75.3716,2166910
IND,India,Kanpur,,26.4667,80.35,3123990
IND,India,Karimnagar,,18.4333,79.15,395330
IND,India,Karnal,,29.6833,76.9833,402420
IND,India,Karur,,10.9577,78.081,345580
IND,India,Kayamkulam,,9.1666,76.5043,694890
IND,India,Khammam,,17.25,80.15,338660
IND,India,Kharagpur,,22.3263,87.3192,326810
IND,India,Kochi ,Cochin,9.9307,76.2601,3082060
IND,India,Kolhapur,,16.6956,74.2317,619360
IND,India,Kolkata ,Calcutta,22.5335,88.35600000000001,14850070
IND,India,Kollam,,8.8806,76.5917,1851560
IND,India,Korba,,22.35,82.6833,417810
IND,India,Kota,,25.1665,75.8561,1386880
IND,India,Kottayam,,9.5833,76.5167,696060
IND,India,Kozhikode ,Calicut,11.2567,75.7787,3555410
IND,India,Kurnool,,15.8267,78.0352,665190
IND,India,Latur,,18.4,76.5833,479400
IND,India,Lucknow,,26.85,80.9167,3676520
IND,India,Ludhiana,,30.9,75.85,1856850
IND,India,Madurai,,9.9333,78.1167,1734170
IND,India,Malappuram,,11.0667,76.0667,3391280
IND,India,Malegaon,,20.55,74.5333,715610
IND,India,Mangalore,,12.9172,74.85600000000001,713360
IND,India,Mathura,,27.5,77.6833,588330
IND,India,Maunath Bhanjan,,25.9475,83.559,357540
IND,India,Meerut,,28.9716,77.7193,1696440
IND,India,Moradabad,,28.8333,78.7833,1197000
IND,India,Morvi,,22.8167,70.8333,346440
IND,India,Mumbai ,Bombay,19.074,72.8808,20411270
IND,India,Muzaffarnagar,,29.4667,77.6833,716750
IND,India,Muzaffarpur,,26.1167,85.4,504160
IND,India,Mysore,,12.2979,76.6393,1209840
IND,India,Nagpur,,21.15,79.1,2893460
IND,India,Nanded Waghala,,19.1618,77.3137,689770
IND,India,Nashik,,19.9833,73.8,2065730
IND,India,Navsari,,20.9485,72.9308,338790
IND,India,Nellore,,14.4463,79.9842,751030
IND,India,Nizamabad,,18.6715,78.0988,333460
IND,India,Ottappalam,,10.7667,76.3833,385300
IND,India,Palakkad,,10.7725,76.6514,367570
IND,India,Panipat,,29.3889,76.9681,547950
IND,India,Parbhani,,19.2667,76.7833,359020
IND,India,Patiala,,30.3267,76.4003,599190
IND,India,Patna,,25.6,85.1167,2436450
IND,India,Puducherry,,11.93,79.83,836000
IND,India,Pune ,Poona,18.5161,73.8616,6629350
IND,India,Purnia,,25.7833,87.4667,477570
IND,India,Raipur,,21.2333,81.6333,1642170
IND,India,Rajahmundry,,17.0038,81.7894,543730
IND,India,Rajkot,,22.3,70.7833,1878030
IND,India,Rampur,,28.8062,79.0277,425970
IND,India,Ranchi,,23.35,85.3333,1439200
IND,India,Raniganj,,23.6164,87.1306,409740
IND,India,Ranipet,,12.9315,79.3323,355810
IND,India,Ratlam,,23.3167,75.0667,316370
IND,India,Raurkela,,22.2249,84.8618,622640
IND,India,Rohtak,,28.9,76.5667,466580
IND,India,Roorkee,,29.8667,77.8833,353570
IND,India,Sagar,,23.8405,78.7385,437350
IND,India,Saharanpur,,29.9667,77.55,1054100
IND,India,Salem,,11.65,78.1667,1102460
IND,India,Sangli,,16.8544,74.5642,583630
IND,India,Santipur,,23.2472,88.43299999999999,367010
IND,India,Satna,,24.5833,80.8333,343420
IND,India,Shahjahanpur,,27.8833,79.9167,373740
IND,India,Shillong,,25.5689,91.8831,459700
IND,India,Shimoga,,13.9316,75.5679,374640
IND,India,Siliguri,,26.7161,88.4236,1020300
IND,India,Solapur,,17.6833,75.9167,1031040
IND,India,Srinagar,,34.0837,74.7974,1585770
IND,India,Surat,,21.1667,72.8333,7184590
IND,India,Thanjavur,,10.8,79.15,336970
IND,India,Thiruvananthapuram,,8.5069,76.9569,2584750
IND,India,Thoothukkudi ,Tuticorin,8.809,78.1369,560930
IND,India,Thrissur,,10.5167,76.2167,3068160
IND,India,Tiruchirappalli,,10.805,78.6856,1164670
IND,India,Tirunelveli,,8.7333,77.7,565740
IND,India,Tirupati,,13.65,79.4167,679460
IND,India,Tiruppur,,11.1154,77.3546,1496390
IND,India,Tumkur,,13.3422,77.1017,361150
IND,India,Udaipur,,24.5661,73.6911,569220
IND,India,Ujjain,,23.1833,75.7667,607060
IND,India,Vadodara,,22.3,73.2,2189970
IND,India,Varanasi ,Benares,25.3164,82.9822,1664940
IND,India,Vellore,,12.9333,79.1333,569050
IND,India,Vijayawada,,16.5167,80.6167,2039850
IND,India,Visakhapatnam,,17.6819,83.2097,2174970
IND,India,Warangal,,18.0,79.5833,959660
IND,India,Yamunanagar,,30.1,77.2833,450560
IDN,Indonesia,Ambon,,-3.6954,128.1814,513460
IDN,Indonesia,Balikpapan,,-1.2675,116.8289,682070
IDN,Indonesia,Bandar Lampung,,-5.4254,105.258,1091510
IDN,Indonesia,Bandung,,-6.9194,107.6085,2580190
IDN,Indonesia,Banjarmasin,,-3.3244,114.59100000000001,732010
IDN,Indonesia,Batam,,1.1191,104.0313,1546060
IDN,Indonesia,Bekasi,,-6.2383,106.9756,3394270
IDN,Indonesia,Bengkulu,,-3.8003,102.2653,401450
IDN,Indonesia,Bogor,,-6.6065,106.8019,1159720
IDN,Indonesia,Cirebon,,-6.7063,108.557,320130
IDN,Indonesia,Denpasar,,-8.65,115.2167,986850
IDN,Indonesia,Depok,,-6.4025,106.7942,2727210
IDN,Indonesia,Jakarta,,-6.2118,106.8416,10770490
IDN,Indonesia,Jambi,,-1.6,103.6167,626190
IDN,Indonesia,Jayapura,,-2.6827,140.804,314210
IDN,Indonesia,Makassar ,Ujung Pandang,-5.1444,119.4236,1583550
IDN,Indonesia,Malang,,-7.9797,112.6304,886620
IDN,Indonesia,Manado,,1.4869999999999999,124.8455,442890
IDN,Indonesia,Mataram,,-8.5833,116.1167,505020
IDN,Indonesia,Medan,,3.5833,98.6667,2337960
IDN,Indonesia,Padang,,-0.9492,100.3543,980460
IDN,Indonesia,Palembang,,-2.9167,104.7458,1722700
IDN,Indonesia,Pekalongan,,-6.8873,109.6718,313280
IDN,Indonesia,Pekan Baru,,0.5333,101.45,1204880
IDN,Indonesia,Pontianak,,-0.0333,109.3333,667910
IDN,Indonesia,Samarinda,,-0.4948,117.1436,1010410
IDN,Indonesia,Semarang,,-6.9932,110.4203,1866490
IDN,Indonesia,Sukabumi,,-6.9181,106.9267,340020
IDN,Indonesia,Surabaya,,-7.2888,112.7411,2944400
IDN,Indonesia,Surakarta,,-7.5561,110.8317,527280
IDN,Indonesia,Tangerang,,-6.2024,106.6527,2338550
IDN,Indonesia,Tasikmalaya,,-7.3506,108.2172,1056490
IDN,Indonesia,Yogyakarta,,-7.7828,110.3608,439830
IRN,Iran,Ahvaz,,31.3203,48.6693,1244250
IRN,Iran,Arak,,34.0917,49.6892,551010
IRN,Iran,Ardabil,,38.2498,48.2933,567910
IRN,Iran,Bandar Abbas,,27.1865,56.2808,606630
IRN,Iran,Esfahan,,32.6572,51.6776,2132040
IRN,Iran,Eslamshahr,,35.5626,51.2359,498260
IRN,Iran,Gorgan,,36.8417,54.4436,367950
IRN,Iran,Hamadan,,34.7992,48.5146,577810
IRN,Iran,Karaj,,35.8355,51.0103,1580410
IRN,Iran,Kashan,,33.9831,51.4364,328630
IRN,Iran,Kerman,,30.2832,57.0788,541490
IRN,Iran,Kermanshah,,34.3142,47.065,1025740
IRN,Iran,Khorramabad,,33.4878,48.3558,394030
IRN,Iran,Mashhad,,36.297,59.6062,3208340
IRN,Iran,Orumiyeh,,37.5527,45.0761,793040
IRN,Iran,Qazvin,,36.2688,50.0041,420040
IRN,Iran,Qods,,35.713,51.1055,331070
IRN,Iran,Qom,,34.6401,50.8764,1287940
IRN,Iran,Rasht,,37.2808,49.5832,712720
IRN,Iran,Sanandaj,,35.3144,46.9923,444840
IRN,Iran,Sari,,36.5633,53.0601,320830
IRN,Iran,Shahriyar,,35.6594,51.0592,363620
IRN,Iran,Shiraz,,29.6036,52.5388,1651360
IRN,Iran,Tabriz,,38.08,46.2919,1611130
IRN,Iran,Tehran,,35.6944,51.4215,9134710
IRN,Iran,Yazd,,31.8972,54.3675,565450
IRN,Iran,Zahedan,,29.4963,60.8629,609870
IRN,Iran,Zanjan,,36.6736,48.4787,467460
IRQ,Iraq,Al-Basrah ,Basra,30.4972,47.8149,1352210
IRQ,Iraq,Al-Mawsil ,Mosul,36.335,43.1189,1629930
IRQ,Iraq,Amara,,31.8344,47.1524,655660
IRQ,Iraq,Baaqoobah,,33.75,44.6411,323800
IRQ,Iraq,Baghdad,,33.3406,44.4009,7144260
IRQ,Iraq,Diwaniyah,,31.9905,44.9306,513370
IRQ,Iraq,Faloojah,,33.3558,43.7861,346520
IRQ,Iraq,Hillah,,32.4825,44.4314,604150
IRQ,Iraq,Irbil ,Erbil,36.1926,44.0106,846370
IRQ,Iraq,Karbala,,32.5983,44.0239,555070
IRQ,Iraq,Kirkuk,,35.4681,44.3922,1012610
IRQ,Iraq,Kut,,32.5,45.8333,471240
IRQ,Iraq,Najaf,,31.9973,44.3314,873740
IRQ,Iraq,Nasiriyah,,31.0333,46.2667,616990
IRQ,Iraq,Ramadi,,33.4167,43.3,452230
IRQ,Iraq,Samarra,,34.1966,43.8739,311820
IRQ,Iraq,Sulaimaniya,,35.5617,45.4408,739180
IRL,Ireland,Dublin,,53.3331,-6.2489,1228180
ISR,Israel,Be'er Sheva,,31.2518,34.7913,637540
ISR,Israel,Hefa ,Haifa,32.8133,34.9914,1147430
ISR,Israel,Jerusalem,,31.769000000000002,35.2163,931760
ISR,Israel,Tel Aviv-Yafo ,Tel Aviv-Jaffa,32.0809,34.7806,4181479
ITA,Italy,Bari,,41.1177,16.8512,622380
ITA,Italy,Barletta,,41.3118,16.2908,340980
ITA,Italy,Bergamo,,45.698,9.669,892090
ITA,Italy,Bologna,,44.4938,11.3388,805990
ITA,Italy,Brescia,,45.5248,10.2273,483870
ITA,Italy,Busto Arsizio,,45.6113,8.8491,654260
ITA,Italy,Cagliari,,39.2074,9.1346,476270
ITA,Italy,Caserta,,41.0832,14.3349,427900
ITA,Italy,Catania,,37.5021,15.0872,585880
ITA,Italy,Como,,45.81,9.0874,480880
ITA,Italy,Firenze ,Florence,43.7667,11.25,708360
ITA,Italy,Genova ,Genoa,44.4063,8.9339,679610
ITA,Italy,Latina,,41.4661,12.9043,448840
ITA,Italy,Lecco,,45.8532,9.3901,307670
ITA,Italy,Milano ,Milan,45.5531,9.1834,3140180
ITA,Italy,Modena,,44.6478,10.9254,355770
ITA,Italy,Napoli ,Naples,40.8502,14.2592,2186850
ITA,Italy,Nola,,40.922,14.5329,325360
ITA,Italy,Padova,,45.4152,11.8818,683600
ITA,Italy,Palermo,,38.1158,13.3598,851150
ITA,Italy,Parma,,44.8027,10.329,328150
ITA,Italy,Pescara,,42.4602,14.2102,377130
ITA,Italy,Reggio Emilia,,44.6983,10.6313,366690
ITA,Italy,Roma ,Rome,41.8947,12.4811,4257060
ITA,Italy,Salerno,,40.678000000000004,14.765999999999998,419470
ITA,Italy,Seregno,,45.6524,9.2003,619870
ITA,Italy,Taranto,,40.4625,17.2597,460250
ITA,Italy,Torino ,Turin,45.0687,7.6772,1792160
ITA,Italy,Treviso,,45.6667,12.245,373650
ITA,Italy,Venezia,,45.4357,12.3396,637250
ITA,Italy,Verona,,45.4342,10.9978,629660
ITA,Italy,Vicenza,,45.5573,11.5409,326370
JAM,Jamaica,Kingston,,17.997,-76.7936,590940
JPN,Japan,Akita,,39.7167,140.1167,306980
JPN,Japan,Asahikawa,,43.7678,142.3703,330900
JPN,Japan,Chukyo M.M.A. ,Nagoya,35.1815,136.9064,9552130
JPN,Japan,Fukuyama,,34.4833,133.3667,465450
JPN,Japan,Hiroshima,,34.3928,132.4605,2083219
JPN,Japan,Iwaki,,37.05,140.8833,355790
JPN,Japan,Kagoshima,,31.570999999999998,130.5485,591040
JPN,Japan,Kanazawa,,36.5564,136.643,466220
JPN,Japan,Kinki M.M.A. ,Osaka,34.6758,135.5538,19165340
JPN,Japan,Kitakyushu-Fukuoka M.M.A.,,33.6064,130.4181,5528630
JPN,Japan,Kochi,,33.5597,133.5311,329670
JPN,Japan,Koriyama,,37.4,140.3833,330640
JPN,Japan,Kumamoto,,32.7897,130.7417,742610
JPN,Japan,Kurashiki,,34.5833,133.7667,475980
JPN,Japan,Kurume,,33.3167,130.5167,304870
JPN,Japan,Maebashi,,36.3833,139.0667,330540
JPN,Japan,Matsuyama,,33.8324,132.7595,509960
JPN,Japan,Miyazaki,,31.9155,131.4267,399450
JPN,Japan,Nagano,,36.6514,138.1811,371970
JPN,Japan,Nagasaki,,32.7502,129.8762,414210
JPN,Japan,Naha,,26.2122,127.6873,320900
JPN,Japan,Niigata,,37.9139,139.0327,804300
JPN,Japan,Oita,,33.2365,131.6099,479260
JPN,Japan,Okayama,,34.6507,133.9135,724700
JPN,Japan,Sapporo,,43.0642,141.3469,2669680
JPN,Japan,Sendai,,38.256,140.8976,2327420
JPN,Japan,Shizuoka-Hamamatsu M.M.A.,,34.9769,138.3831,2922320
JPN,Japan,Takamatsu,,34.3304,134.0599,419650
JPN,Japan,Takasaki,,36.3333,139.0167,368560
JPN,Japan,Tokyo,,35.6895,139.6917,37393130
JPN,Japan,Toyama,,36.686,137.2194,413440
JPN,Japan,Toyohashi,,34.7667,137.3833,371030
JPN,Japan,Utsunomiya,,36.5658,139.8836,522100
JOR,Jordan,Al-Quwaysimah,,31.9167,35.95,385290
JOR,Jordan,Amman,,31.9552,35.945,2148290
JOR,Jordan,Ar-Rusayfah,,32.0156,36.0428,523539
JOR,Jordan,Irbid,,32.5556,35.85,556900
JOR,Jordan,Tila al-Ali,,31.9936,35.8628,327480
JOR,Jordan,Zarqa,,32.0683,36.0889,729220
KAZ,Kazakhstan,Aktyubinsk,,50.2855,57.1628,431460
KAZ,Kazakhstan,Almaty,,43.2472,76.9101,1895740
KAZ,Kazakhstan,Astana,,51.1801,71.446,1165980
KAZ,Kazakhstan,Karaganda,,49.8011,73.0954,504950
KAZ,Kazakhstan,Pavlodar,,52.3,76.95,335390
KAZ,Kazakhstan,Semipalatinsk,,50.4268,80.2667,321350
KAZ,Kazakhstan,Shimkent,,42.3,69.6,1057940
KAZ,Kazakhstan,Taraz,,42.9,71.3667,366390
KAZ,Kazakhstan,Ust-Kamenogorsk,,49.9647,82.609,328200
KEN,Kenya,Eldoret,,0.5204,35.2699,394020
KEN,Kenya,Kisumu,,-0.1022,34.7617,355090
KEN,Kenya,Mombasa,,-4.0547,39.6636,1295980
KEN,Kenya,Nairobi,,-1.2833,36.8167,4734880
KEN,Kenya,Nakuru,,-0.2833,36.0667,383460
KEN,Kenya,Ruiru,,-1.1515,36.9519,389020
KWT,Kuwait,Al Kuwayt ,Kuwait City,29.3697,47.9783,3114550
KGZ,Kyrgyzstan,Bishkek,,42.87,74.59,1038430
LAO,Lao People's Democratic Republic,Vientiane,,17.9667,102.6,682540
LVA,Latvia,Riga,,56.946000000000005,24.1059,630690
LBN,Lebanon,Bayrut ,Beirut,33.9,35.4833,2424430
LBR,Liberia,Monrovia,,6.3005,-10.7969,1517240
LBY,Libya,Banghazi,,32.1167,20.0667,823970
LBY,Libya,Misratah,,32.3754,15.0925,881320
LBY,Libya,Tarabulus ,Tripoli,32.8752,13.1875,1165090
LTU,Lithuania,Vilnius,,54.6892,25.2798,538890
MDG,Madagascar,Antananarivo,,-18.9137,47.5361,3368590
MDG,Madagascar,Antsirabe,,-19.8664,47.0335,355830
MDG,Madagascar,Toamasina,,-18.1667,49.3833,434400
MWI,Malawi,Blantyre-Limbe,,-15.785,35.0085,932260
MWI,Malawi,Lilongwe,,-13.9669,33.7873,1121720
MYS,Malaysia,Alor Star,,6.1167,100.3667,341780
MYS,Malaysia,Ipoh,,4.5833,101.0833,813550
MYS,Malaysia,Johor Bahru,,1.4655,103.7578,1023900
MYS,Malaysia,Kota Bharu,,6.1333,102.25,347670
MYS,Malaysia,Kota Kinabalu,,5.9782,116.1166,549590
MYS,Malaysia,Kuala Lumpur,,3.1412,101.6865,7996830
MYS,Malaysia,Kuala Terengganu,,5.3302,103.1408,384370
MYS,Malaysia,Kuantan,,3.8077,103.32600000000001,502870
MYS,Malaysia,Kuching,,1.55,110.3333,611570
MYS,Malaysia,Sandakan,,5.8402,118.1179,375250
MYS,Malaysia,Seremban,,2.7297,101.9381,474690
MLI,Mali,Bamako,,12.65,-8.0,2617690
MLI,Mali,Sikasso,,11.3135,-5.6697,386260
MRT,Mauritania,Nouakchott,,18.0858,-15.9785,1314640
MEX,Mexico,Acapulco de Juárez,,16.8634,-99.8901,979380
MEX,Mexico,Aguascalientes,,21.8833,-102.3,1106450
MEX,Mexico,Cancún,,21.1743,-86.8466,943920
MEX,Mexico,Celaya,,20.5167,-100.8167,680970
MEX,Mexico,Chihuahua,,28.6333,-106.0833,1054770
MEX,Mexico,Ciudad de México ,Mexico City,19.4273,-99.1419,21782380
MEX,Mexico,Ciudad Juárez,,31.7333,-106.4833,1519210
MEX,Mexico,Ciudad Obregón,,27.4833,-109.9333,372420
MEX,Mexico,Ciudad Victoria,,23.7333,-99.1333,362350
MEX,Mexico,Coatzacoalcos,,18.15,-94.4167,395130
MEX,Mexico,Colima,,19.2333,-103.7167,409950
MEX,Mexico,Córdoba,,18.8833,-96.9333,352350
MEX,Mexico,Cuautla Morelos,,18.8,-98.95,516760
MEX,Mexico,Cuernavaca,,18.9167,-99.25,1075020
MEX,Mexico,Culiacán,,24.7994,-107.3897,839050
MEX,Mexico,Durango,,24.0333,-104.6667,630980
MEX,Mexico,Ensenada,,31.8667,-116.6167,334990
MEX,Mexico,Guadalajara,,20.6667,-103.3333,5179480
MEX,Mexico,Hermosillo,,29.0845,-110.9672,867890
MEX,Mexico,Irapuato,,20.6784,-101.3465,452610
MEX,Mexico,La Laguna,,25.55,-103.4333,1614850
MEX,Mexico,León de los Aldamas,,21.1234,-101.6805,1825080
MEX,Mexico,Los Mochis,,25.7667,-108.9667,313490
MEX,Mexico,Matamoros,,25.5333,-103.25,562760
MEX,Mexico,Mazatlán,,23.2407,-106.4143,454730
MEX,Mexico,Mérida,,20.9667,-89.6167,1161480
MEX,Mexico,Mexicali,,32.6519,-115.4683,1120870
MEX,Mexico,Minatitlán,,18.0013,-94.5581,401020
MEX,Mexico,Monclova,,26.9,-101.4167,360880
MEX,Mexico,Monterrey,,25.6667,-100.3167,4874100
MEX,Mexico,Morelia,,19.7008,-101.1844,948790
MEX,Mexico,Nuevo Laredo,,27.4763,-99.5164,446720
MEX,Mexico,Oaxaca de Juárez,,17.05,-96.7167,704560
MEX,Mexico,Orizaba,,18.85,-97.1,475360
MEX,Mexico,Pachuca de Soto,,20.117,-98.7333,633450
MEX,Mexico,Poza Rica de Hidalgo,,20.5332,-97.4595,564580
MEX,Mexico,Puebla,,19.0415,-98.205,3194850
MEX,Mexico,Puerto Vallarta,,20.6204,-105.2307,515909
MEX,Mexico,Querétaro,,20.6,-100.3833,1339100
MEX,Mexico,Reynosa,,26.0833,-98.2833,899080
MEX,Mexico,Saltillo,,25.4167,-101.0,983780
MEX,Mexico,San Luis Potosí,,22.15,-100.9833,1216560
MEX,Mexico,Tampico,,22.2167,-97.85,1001280
MEX,Mexico,Tehuacán,,18.45,-97.3833,341960
MEX,Mexico,Tepic,,21.5,-104.9,545940
MEX,Mexico,Tijuana,,32.5333,-117.0167,2140400
MEX,Mexico,Tlaxcala,,19.3139,-98.2417,596360
MEX,Mexico,Toluca de Lerdo,,19.2839,-99.6573,2467240
MEX,Mexico,Tuxtla Gutierrez,,16.75,-93.1167,847920
MEX,Mexico,Uruapán,,19.4165,-102.0579,330000
MEX,Mexico,Veracruz,,19.2,-96.1333,918530
MEX,Mexico,Villahermosa,,17.9833,-92.9167,898460
MEX,Mexico,Xalapa,,19.5377,-96.9137,775620
MEX,Mexico,Zacatecas,,22.7756,-102.5722,368620
MNG,Mongolia,Ulaanbaatar,,47.9077,106.8832,1584360
MAR,Morocco,Agadir,,30.4248,-9.5937,923550
MAR,Morocco,Dar-el-Beida ,Casablanca,33.5928,-7.6192,3752360
MAR,Morocco,Fès,,34.0372,-4.9998,1224080
MAR,Morocco,Kénitra,,34.260999999999996,-6.5802,480040
MAR,Morocco,Marrakech,,31.6315,-8.0083,1002710
MAR,Morocco,Meknès,,33.8935,-5.5473,553760
MAR,Morocco,Oujda,,34.6805,-1.9076,558520
MAR,Morocco,Rabat,,34.0133,-6.8326,1884800
MAR,Morocco,Safi,,32.2994,-9.2372,323910
MAR,Morocco,Tanger,,35.7847,-5.8128,1197920
MAR,Morocco,Tétouan,,35.5711,-5.3724,421250
MOZ,Mozambique,Beira,,-19.8436,34.8389,569910
MOZ,Mozambique,Chimoio,,-19.1164,33.4833,425070
MOZ,Mozambique,Maputo,,-25.9653,32.5892,1110480
MOZ,Mozambique,Matola,,-25.9622,32.4589,1705890
MOZ,Mozambique,Nampula,,-15.1165,39.2666,848100
MOZ,Mozambique,Quelimane,,-17.8786,36.8883,414810
MOZ,Mozambique,Tete,,-16.1564,33.5867,370650
MMR,Myanmar,Mandalay,,21.9747,96.0836,1437550
MMR,Myanmar,Nay Pyi Taw,,19.745,96.1297,593600
MMR,Myanmar,Yangon,,16.8053,96.1561,5331800
NAM,Namibia,Windhoek,,-22.5594,17.0832,431170
NPL,Nepal,Kathmandu,,27.7017,85.3206,1423520
NPL,Nepal,Pokhara,,28.2333,83.9833,420740
NLD,Netherlands,Amsterdam,,52.373999999999995,4.8897,1148970
NLD,Netherlands,Eindhoven,,51.4408,5.4778,358970
NLD,Netherlands,Rotterdam,,51.9225,4.4792,1010030
NLD,Netherlands,s-Gravenhage ,The Hague,52.0767,4.2986,697560
NLD,Netherlands,Utrecht,,52.0908,5.1222,544390
NZL,New Zealand,Auckland,,-36.8667,174.7667,1606560
NZL,New Zealand,Christchurch,,-43.5333,172.6333,398520
NZL,New Zealand,Wellington,,-41.2866,174.7756,414820
NIC,Nicaragua,Managua,,12.1328,-86.2504,1063700
NER,Niger,Niamey,,13.5137,2.1098,1291850
NER,Niger,Zinder,,13.8072,8.9881,489180
NGA,Nigeria,Aba,,5.1066,7.3667,1081470
NGA,Nigeria,Abakaliki,,6.3163,8.1169,572030
NGA,Nigeria,Abeokuta,,7.15,3.35,532860
NGA,Nigeria,Abuja,,9.0574,7.4898,3277740
NGA,Nigeria,Ado-Ekiti,,7.621,5.2215,479670
NGA,Nigeria,Akure,,7.2526,5.1931,665520
NGA,Nigeria,Bauchi,,10.3134,9.8433,597680
NGA,Nigeria,Benin City,,6.335,5.6275,1727170
NGA,Nigeria,Birnin Kebbi,,12.4539,4.1975,366250
NGA,Nigeria,Calabar,,4.9517,8.322000000000001,579270
NGA,Nigeria,Effon Alaiye,,7.65,4.9167,383570
NGA,Nigeria,Enugu,,6.4402,7.4943,772870
NGA,Nigeria,Gboko,,7.3268,9.0034,441750
NGA,Nigeria,Gombe,,10.2897,11.1673,508580
NGA,Nigeria,Gwagwalada,,8.9414,7.0919,409920
NGA,Nigeria,Ibadan,,7.3878,3.8964,3551960
NGA,Nigeria,Ife,,7.4773,4.5589,374270
NGA,Nigeria,Igbidu,,6.0683,8.1169,452580
NGA,Nigeria,Ijebu-Ode,,6.8161,3.9159,344680
NGA,Nigeria,Ikorodu,,6.6087,3.5108,937620
NGA,Nigeria,Ikot Ekpene,,5.1794,7.7108,382500
NGA,Nigeria,Ilesha,,7.6167,4.7333,357050
NGA,Nigeria,Ilorin,,8.5,4.55,949870
NGA,Nigeria,Jos,,9.9167,8.9,895290
NGA,Nigeria,Kaduna,,10.5222,7.4383,1113210
NGA,Nigeria,Kano,,12.0001,8.5167,3999050
NGA,Nigeria,Katsina,,12.9894,7.6006,469560
NGA,Nigeria,Lafia,,8.4833,8.5167,336170
NGA,Nigeria,Lagos,,6.4531,3.3958,14368330
NGA,Nigeria,Lokoja,,7.8024,6.742999999999999,692050
NGA,Nigeria,Maiduguri,,11.8464,13.1603,786490
NGA,Nigeria,Makurdi,,7.7411,8.5121,407260
NGA,Nigeria,Minna,,9.6139,6.5569,447960
NGA,Nigeria,Nnewi,,6.0199,6.9148,1050860
NGA,Nigeria,Ogbomosho,,8.1324,4.2433,551470
NGA,Nigeria,Okene,,7.5507,6.2337,464570
NGA,Nigeria,Okpogho,,6.4404,7.2844,439860
NGA,Nigeria,Ondo,,7.1,4.8333,432220
NGA,Nigeria,Onitsha,,6.1454,6.7885,1414790
NGA,Nigeria,Oshogbo,,7.7667,4.5667,713680
NGA,Nigeria,Owerri,,5.4833,7.0304,872600
NGA,Nigeria,Oyo,,7.85,3.9333,427580
NGA,Nigeria,Port Harcourt,,4.7774,7.0134,3020230
NGA,Nigeria,Potiskum,,11.7091,11.0694,426250
NGA,Nigeria,Saki,,8.6667,3.3833,376250
NGA,Nigeria,Sokoto,,13.0609,5.239,641250
NGA,Nigeria,Umuahia,,5.5263,7.4896,773820
NGA,Nigeria,Uyo,,5.0513,7.9335,1135780
NGA,Nigeria,Warri,,5.5167,5.75,855940
NGA,Nigeria,Zaria,,11.1113,7.7227,726170
NOR,Norway,Oslo,,59.9127,10.7461,1041380
OMN,Oman,Masqat ,Muscat,23.6139,58.5922,1549730
OMN,Oman,Salahah ,Salalah,17.0123,54.0894,420230
PAK,Pakistan,Bahawalpur,,29.4,71.6833,844670
PAK,Pakistan,Dera Ghazikhan,,30.05,70.6333,450810
PAK,Pakistan,Faisalabad,,31.4167,73.0833,3462300
PAK,Pakistan,Gujranwala,,32.15,74.1833,2229220
PAK,Pakistan,Gujrat,,32.5667,74.0833,419490
PAK,Pakistan,Hyderabad,,25.3667,68.3667,1849830
PAK,Pakistan,Islamabad,,33.7035,73.0594,1129200
PAK,Pakistan,Jhang,,31.267,72.3126,437770
PAK,Pakistan,Karachi,,24.9056,67.0822,16093790
PAK,Pakistan,Kasur,,31.115,74.4547,381720
PAK,Pakistan,Lahore,,31.5497,74.3436,12642420
PAK,Pakistan,Larkana,,27.55,68.2167,534290
PAK,Pakistan,Mardan,,34.202,72.0525,381220
PAK,Pakistan,Multan,,30.1833,71.4833,2015090
PAK,Pakistan,Okara,,30.8081,73.4458,392900
PAK,Pakistan,Peshawar,,34.001999999999995,71.5594,2202950
PAK,Pakistan,Quetta,,30.199,67.0097,1099550
PAK,Pakistan,Rahim Yar Khan,,28.4151,70.2997,463950
PAK,Pakistan,Rawalpindi,,33.6,73.0667,2236910
PAK,Pakistan,Sahiwal,,30.6646,73.1093,431410
PAK,Pakistan,Sargodha,,32.0833,72.6667,700100
PAK,Pakistan,Sheikhupura,,31.7131,73.9783,517340
PAK,Pakistan,Sialkot,,32.5,74.5167,705120
PAK,Pakistan,Sukkur,,27.7,68.8667,534490
PAK,Pakistan,Wah,,33.7641,72.745,422240
PAN,Panama,Ciudad de Panamá ,Panama City,8.9958,-79.5196,1860290
PNG,Papua New Guinea,Port Moresby,,-9.4431,147.1797,382520
PRY,Paraguay,Asunción,,-25.3007,-57.6359,3336560
PRY,Paraguay,Ciudad del Este,,-25.5167,-54.6167,322000
PER,Peru,Arequipa,,-16.3989,-71.535,923000
PER,Peru,Chiclayo,,-6.7736,-79.8417,637260
PER,Peru,Chimbote,,-9.0853,-78.5783,388980
PER,Peru,Cusco,,-13.5183,-71.9781,470720
PER,Peru,Huancayo,,-12.0667,-75.2333,386370
PER,Peru,Iquitos,,-3.7372,-73.2528,469580
PER,Peru,Lima,,-12.0432,-77.0282,10719190
PER,Peru,Piura,,-5.2,-80.6333,474360
PER,Peru,Tacna,,-18.0056,-70.2483,320450
PER,Peru,Trujillo,,-8.116,-79.03,864630
PHL,Philippines,Angeles City,,15.15,120.5833,509770
PHL,Philippines,Antipolo,,14.6235,121.1245,881020
PHL,Philippines,Bacolod,,10.6507,122.946,613440
PHL,Philippines,Bacoor,,14.413,120.9737,686400
PHL,Philippines,Baguio City,,16.4108,120.5902,372680
PHL,Philippines,Basilan City ,including City of Isabela,6.7041,121.9712,533140
PHL,Philippines,Batangas City,,13.7573,121.0586,354670
PHL,Philippines,Binan,,14.3036,121.0781,386750
PHL,Philippines,Butuan,,8.9492,125.5436,365110
PHL,Philippines,Cabuyao,,14.2471,121.1367,377220
PHL,Philippines,Cagayan de Oro City,,8.4822,124.6472,753140
PHL,Philippines,Calamba,,14.1877,121.1251,524580
PHL,Philippines,Cebu City,,10.3167,123.8907,980070
PHL,Philippines,Cotabato,,7.2236,124.2464,327990
PHL,Philippines,Dasmarinas,,14.299000000000001,120.959,747210
PHL,Philippines,Davao City,,7.0739,125.6125,1825450
PHL,Philippines,General Santos City,,6.1128,125.1717,652720
PHL,Philippines,General Trias,,14.3214,121.9073,397720
PHL,Philippines,Iligan,,8.2274,124.2426,362770
PHL,Philippines,Iloilo City,,10.6966,122.5629,471790
PHL,Philippines,Imus,,14.4064,120.9405,527780
PHL,Philippines,Lapu-Lapu City,,10.3103,123.9494,470050
PHL,Philippines,Lipa City,,13.9419,121.1627,385250
PHL,Philippines,Mandaue City,,10.3236,123.9222,394880
PHL,Philippines,Manila,,14.6042,120.9822,13923450
PHL,Philippines,San Fernando,,15.0594,120.6567,327810
PHL,Philippines,San Jose del Monte,,14.8206,121.1023,607690
PHL,Philippines,San Pedro,,14.3489,121.0392,358420
PHL,Philippines,Santa Rosa,,14.2843,121.0889,432220
PHL,Philippines,Tarlac,,15.447000000000001,120.4696,367150
PHL,Philippines,Zamboanga City,,6.9103,122.075,917480
POL,Poland,Bydgoszcz,,53.1235,18.0076,347520
POL,Poland,Gda?sk,,54.3521,18.6464,465480
POL,Poland,Kraków ,Cracow,50.0668,19.9425,768730
POL,Poland,?ód?,,51.7594,19.46,676830
POL,Poland,Lublin,,51.25,22.5667,334720
POL,Poland,Pozna?,,52.4069,16.9299,531030
POL,Poland,Szczecin,,53.4289,14.552999999999999,401370
POL,Poland,Warszawa ,Warsaw,52.2298,21.0118,1783250
POL,Poland,Wroc?aw,,51.1,17.0333,641400
PRT,Portugal,Lisboa ,Lisbon,38.7169,-9.1399,2956880
PRT,Portugal,Porto,,41.1496,-8.611,1312950
PRI,Puerto Rico,Aguadilla-Isabela-San Sebastian,,18.4277,-67.1544,299960
PRI,Puerto Rico,San Juan,,18.4663,-66.1057,2448420
QAT,Qatar,Ad-Dawhah ,Doha,25.2747,51.5245,641380
QAT,Qatar,Ar-Rayyan,,25.2919,51.4244,737900
QAT,Qatar,Doha Industrial Area,,25.2222,51.4222,418740
KOR,Republic of Korea,Ansan,,37.3236,126.8219,760760
KOR,Republic of Korea,Anyang,,37.3925,126.9269,567950
KOR,Republic of Korea,Bucheon,,37.4989,126.7831,832090
KOR,Republic of Korea,Busan,,35.1028,129.0403,3465190
KOR,Republic of Korea,Changwon,,35.2281,128.6811,1055970
KOR,Republic of Korea,Cheonan,,36.8132,127.141,679800
KOR,Republic of Korea,Cheongju,,36.6372,127.4897,717030
KOR,Republic of Korea,Daegu,,35.8703,128.5911,2198960
KOR,Republic of Korea,Daejon,,36.3214,127.4197,1565660
KOR,Republic of Korea,Gimhae,,35.2342,128.8811,314440
KOR,Republic of Korea,Goyang,,37.6564,126.835,1069200
KOR,Republic of Korea,Gumi,,36.1191,128.3455,386620
KOR,Republic of Korea,Gwangju,,35.1461,126.9186,1521510
KOR,Republic of Korea,Gwangmyeong,,37.4772,126.8664,345890
KOR,Republic of Korea,Incheon,,37.4536,126.7317,2801040
KOR,Republic of Korea,Jeju,,33.5097,126.5219,343170
KOR,Republic of Korea,Jeonju,,35.8219,127.1489,663150
KOR,Republic of Korea,Pohang,,36.0172,129.3602,359230
KOR,Republic of Korea,Seongnam,,37.4386,127.1378,943770
KOR,Republic of Korea,Seoul,,37.5683,126.9778,9963450
KOR,Republic of Korea,Siheung,,37.4556,126.9024,440380
KOR,Republic of Korea,Suweon,,37.2635,127.0214,1311320
KOR,Republic of Korea,Uijeongbu,,37.7415,127.0474,423620
KOR,Republic of Korea,Ulsan,,35.5372,129.3167,910330
KOR,Republic of Korea,Yongin,,37.2352,127.2033,1083350
MDA,Republic of Moldova,Chi?in?u,,47.0056,28.8575,499030
ROU,Romania,Bucuresti ,Bucharest,44.4328,26.1043,1803250
ROU,Romania,Cluj-Napoca,,46.7667,23.6,307850
ROU,Romania,Iasi,,47.1667,27.6,317310
ROU,Romania,Timisoara,,45.7494,21.2272,306740
RUS,Russian Federation,Arkhangelsk,,64.56,40.5333,350200
RUS,Russian Federation,Astrakhan,,46.3497,48.0408,534950
RUS,Russian Federation,Balashikha,,55.7982,37.968,514659
RUS,Russian Federation,Barnaul,,53.3606,83.7636,639780
RUS,Russian Federation,Belgorod,,50.6107,36.5802,407940
RUS,Russian Federation,Bryansk,,53.2521,34.3717,398590
RUS,Russian Federation,Cheboksary,,56.1322,47.2519,505870
RUS,Russian Federation,Chelyabinsk,,55.1544,61.4297,1227800
RUS,Russian Federation,Cherepovets,,59.1333,37.9,319920
RUS,Russian Federation,Chita,,52.0317,113.5009,357080
RUS,Russian Federation,Irkutsk,,52.2978,104.2964,638840
RUS,Russian Federation,Ivanovo,,56.9972,40.9714,403020
RUS,Russian Federation,Izhevsk,,56.8498,53.2045,651340
RUS,Russian Federation,"Kaliningrad, Kaliningrad Oblast",,54.7143,20.51,483660
RUS,Russian Federation,Kaluga,,54.5293,36.2754,348750
RUS,Russian Federation,Kazan,,55.7887,49.1221,1272060
RUS,Russian Federation,Kemerovo,,55.3333,86.0833,565760
RUS,Russian Federation,Khabarovsk,,48.4827,135.0838,633150
RUS,Russian Federation,Kirov,,58.6031,49.6682,513000
RUS,Russian Federation,Krasnodar,,45.0488,38.9725,957210
RUS,Russian Federation,Krasnoyarsk,,56.0097,92.7917,1137490
RUS,Russian Federation,Kurgan,,55.45,65.3333,313540
RUS,Russian Federation,Kursk,,51.7373,36.1874,464730
RUS,Russian Federation,Lipetsk,,52.6031,39.5708,507290
RUS,Russian Federation,Magnitogorsk,,53.4186,59.0472,420660
RUS,Russian Federation,Makhachkala,,42.9764,47.5024,599790
RUS,Russian Federation,Moskva ,Moscow,55.755,37.6218,12537950
RUS,Russian Federation,Naberezhnye Tchelny,,55.7255,52.4112,534730
RUS,Russian Federation,Nizhniy Novgorod,,56.3287,44.0021,1257750
RUS,Russian Federation,Nizhny Tagil,,57.9194,59.965,349710
RUS,Russian Federation,Novokuznetsk,,53.7557,87.1099,550580
RUS,Russian Federation,Novosibirsk,,55.0415,82.9346,1663750
RUS,Russian Federation,Omsk,,55.0,73.4,1182340
RUS,Russian Federation,Orel,,52.9651,36.0785,316620
RUS,Russian Federation,Orenburg,,51.7727,55.0988,568810
RUS,Russian Federation,Penza,,53.2007,45.0046,523090
RUS,Russian Federation,Perm,,58.0174,56.2855,1071420
RUS,Russian Federation,Podolsk,,55.4242,37.5547,324220
RUS,Russian Federation,Rostov-na-Donu ,Rostov-on-Don,47.2178,39.7032,1136200
RUS,Russian Federation,Ryazan,,54.6269,39.6916,540320
RUS,Russian Federation,Samara,,53.2001,50.15,1163300
RUS,Russian Federation,Sankt Peterburg ,Saint Petersburg,59.9299,30.3262,5467810
RUS,Russian Federation,Saransk,,54.1838,45.1749,322000
RUS,Russian Federation,Saratov,,51.5406,46.0086,842680
RUS,Russian Federation,Smolensk,,54.7818,32.0401,328890
RUS,Russian Federation,Sochi,,43.5992,39.7257,450020
RUS,Russian Federation,Stavropol,,45.0428,41.9734,450090
RUS,Russian Federation,Surgut,,61.2587,73.4244,390260
RUS,Russian Federation,Tolyatti,,53.5303,49.3461,700250
RUS,Russian Federation,Tomsk,,56.4942,84.9742,595640
RUS,Russian Federation,Tula,,54.2021,37.6443,473160
RUS,Russian Federation,Tver,,56.8605,35.876,424730
RUS,Russian Federation,Tyumen,,57.1522,65.5272,843200
RUS,Russian Federation,Ufa,,54.7852,56.0456,1136290
RUS,Russian Federation,Ulan-Ude,,51.8261,107.6098,443950
RUS,Russian Federation,Ulyanovsk,,54.3282,48.3866,624900
RUS,Russian Federation,Vladikavkaz,,43.0367,44.6678,302110
RUS,Russian Federation,Vladimir,,56.1366,40.3966,359280
RUS,Russian Federation,Vladivostok,,43.1056,131.8735,609750
RUS,Russian Federation,Volgograd,,48.7194,44.5018,1004690
RUS,Russian Federation,Vologda,,59.2187,39.8886,316740
RUS,Russian Federation,Volzhsky,,48.7858,44.7797,329980
RUS,Russian Federation,Voronezh,,51.672,39.1843,1067720
RUS,Russian Federation,Yakutsk,,62.0339,129.7331,328090
RUS,Russian Federation,Yaroslavl,,57.6299,39.8737,612370
RUS,Russian Federation,Yekaterinburg,,56.8575,60.6125,1503810
RWA,Rwanda,Kigali,,-1.9474,30.0579,1132100
SAU,Saudi Arabia,Ad-Dammam,,26.4344,50.1033,1252520
SAU,Saudi Arabia,Al-Madinah ,Medina,24.4635,39.6111,1488780
SAU,Saudi Arabia,Ar-Riyadh ,Riyadh,24.6905,46.7096,7231450
SAU,Saudi Arabia,Buraydah,,26.326,43.975,668780
SAU,Saudi Arabia,Hafar al-Batin,,28.4251,45.9688,353380
SAU,Saudi Arabia,Ha'il,,27.5219,41.6907,400390
SAU,Saudi Arabia,Hufuf-Mubarraz,,25.41,49.5808,836730
SAU,Saudi Arabia,Jiddah,,21.5169,39.2192,4610180
SAU,Saudi Arabia,Jubayl,,27.0112,49.6583,605740
SAU,Saudi Arabia,Khamis Mushayt,,18.3064,42.7292,547720
SAU,Saudi Arabia,Khubar,,26.2794,50.2083,329070
SAU,Saudi Arabia,Makkah ,Mecca,21.4174,39.8159,2042110
SAU,Saudi Arabia,Najran,,17.4924,44.1277,410350
SAU,Saudi Arabia,Tabuk,,28.3833,36.5833,657280
SAU,Saudi Arabia,Taif,,21.2703,40.4158,688690
SAU,Saudi Arabia,Thuqbah,,26.2694,50.1986,343530
SAU,Saudi Arabia,Yanbu' al-Bahr,,24.0891,38.0637,334990
SEN,Senegal,Dakar,,14.6937,-17.4441,3140440
SEN,Senegal,Rufisque,,14.7172,-17.2733,347300
SEN,Senegal,Thies,,14.8,-16.9333,377290
SRB,Serbia,Beograd ,Belgrade,44.8176,20.4633,1397940
SLE,Sierra Leone,Freetown,,8.484,-13.2299,1201900
SGP,Singapore,Singapore,,1.2897,103.8501,5935050
SVK,Slovakia,Bratislava,,48.1482,17.1067,434930
SOM,Somalia,Berbera,,10.4396,45.0143,499400
SOM,Somalia,Hargeysa,,9.56,44.065,988720
SOM,Somalia,Kismaayo,,-0.3667,42.5333,471130
SOM,Somalia,Merca,,1.7159,44.7717,666370
SOM,Somalia,Muqdisho ,Mogadishu,2.0416,45.3435,2282010
ZAF,South Africa,Bloemfontein,,-29.1211,26.214000000000002,567030
ZAF,South Africa,Cape Town,,-33.9258,18.4232,4617560
ZAF,South Africa,Durban ,Ethekwini,-29.8579,31.0292,3158310
ZAF,South Africa,East London ,Buffalo City,-33.0153,27.9116,708560
ZAF,South Africa,Ekurhuleni,,-26.25,28.33,3894260
ZAF,South Africa,Johannesburg,,-26.2023,28.0436,5782750
ZAF,South Africa,Pietermaritzburg ,The Msunduzi,-29.6168,30.3928,526910
ZAF,South Africa,Polokwane,,-23.9045,29.4689,425610
ZAF,South Africa,Port Elizabeth ,Nelson Mandela Bay,-33.918,25.5701,1253740
ZAF,South Africa,Pretoria,,-25.7449,28.1878,2565660
ZAF,South Africa,Rustenburg,,-25.6676,27.2421,509370
ZAF,South Africa,Soshanguve,,-25.4729,28.0992,853350
ZAF,South Africa,Vereeniging,,-26.6731,27.9262,774030
ZAF,South Africa,West Rand,,-26.12,27.75,897610
ZAF,South Africa,Witbank,,-25.8713,29.2332,454300
SDN,Sudan,Juba,,4.8517,31.5825,403220
ESP,Spain,Alicante,,38.3452,-0.4815,369760
ESP,Spain,Barcelona,,41.3888,2.1590000000000003,5585560
ESP,Spain,Bilbao,,43.2627,-2.9253,349630
ESP,Spain,Cordoba,,37.8833,-4.7667,343720
ESP,Spain,Las Palmas Gran Canaria,,28.1107,-15.4343,401900
ESP,Spain,Madrid,,40.4165,-3.7026,6617510
ESP,Spain,Malaga,,36.7202,-4.4203,590030
ESP,Spain,Murcia,,37.986999999999995,-1.13,499780
ESP,Spain,Palma,,39.5694,2.6502,467010
ESP,Spain,Sevilla,,37.3824,-5.9761,703790
ESP,Spain,Valencia,,39.4698,-0.3774,833720
ESP,Spain,Valladolid,,41.6552,-4.7237,305050
ESP,Spain,Vigo,,42.2328,-8.7226,306850
ESP,Spain,Zaragoza,,41.6561,-0.8773,730830
LKA,Sri Lanka,Colombo,,6.9319,79.8478,612540
PSE,"Palestinian Territory, Occupied",Gaza ,incl. Ash Shati Camp,31.5106,34.4588,713620
SDN,Sudan,Al Gadarif,,14.0349,35.3834,356550
SDN,Sudan,Al Obeid ,Al Ubayyid,13.1842,30.2167,481350
SDN,Sudan,Al-Khartum ,Khartoum,15.5518,32.5324,5828860
SDN,Sudan,Kassala,,15.450999999999999,36.4,364020
SDN,Sudan,Nyala,,12.05,24.8833,922530
SDN,Sudan,Port Sudan ,Bur Sudan,19.6195,37.2124,483510
SDN,Sudan,Wad Medani,,14.4012,33.5199,374480
SWE,Sweden,Göteborg,,57.7032,11.9663,610520
SWE,Sweden,Malmö,,55.6059,13.0007,322380
SWE,Sweden,Stockholm,,59.3326,18.0649,1632800
CHE,Switzerland,Basel,,47.5584,7.5733,559030
CHE,Switzerland,Bern,,46.9481,7.4474,429730
CHE,Switzerland,Genève,,46.2022,6.1457,613370
CHE,Switzerland,Lausanne,,46.516000000000005,6.6328,441890
CHE,Switzerland,Zürich ,Zurich,47.3579,8.503,1395360
SYR,Syrian Arab Republic,Al-Hasakah,,36.5024,40.7477,390950
SYR,Syrian Arab Republic,Al-Raqqa,,35.95,39.0167,521539
SYR,Syrian Arab Republic,Deir El-Zor,Deir ez-Zor,35.3322,40.1502,323430
SYR,Syrian Arab Republic,Dimashq ,Damascus,33.5086,36.3084,2392050
SYR,Syrian Arab Republic,Halab ,Aleppo,36.2136,37.1571,1916780
SYR,Syrian Arab Republic,Hamah,,35.1318,36.7578,921500
SYR,Syrian Arab Republic,Hims ,Homs,34.7318,36.7181,1335800
SYR,Syrian Arab Republic,Lattakia,,35.5148,35.7768,655710
SYR,Syrian Arab Republic,Tartus,,34.8932,35.8884,424150
TJK,Tajikistan,Dushanbe,,38.5358,68.7791,915710
MKD,"Macedonia, the former Yugoslav Republic of",Skopje,,42.0,21.4333,595280
THA,Thailand,Buri Ram,,14.9943,103.1039,453750
THA,Thailand,Chanthaburi,,12.6094,102.1044,360260
THA,Thailand,Chiang Mai,,18.7904,98.9847,1166980
THA,Thailand,Chiang Rai,,19.9083,99.8325,549970
THA,Thailand,Chon Buri,,13.3611,100.9883,1398650
THA,Thailand,Kalasin,,16.4328,103.5066,517640
THA,Thailand,Khon-Kaen,,16.4467,102.833,502590
THA,Thailand,Krung Thep ,Bangkok,13.722000000000001,100.5252,10539420
THA,Thailand,Lampang,,18.2923,99.4928,449480
THA,Thailand,Lamphun,,18.5805,99.0075,317180
THA,Thailand,Lop Buri,,14.7981,100.654,437310
THA,Thailand,Nakhon Pathom,,13.8194,100.0442,503270
THA,Thailand,Nakhon Ratchasima,,14.9707,102.102,774020
THA,Thailand,Nonthaburi,,13.8602,100.5218,962690
THA,Thailand,Pathum Thani,,14.0135,100.5305,913740
THA,Thailand,Phra Nakhon Si Ayutthaya,,14.3517,100.5772,441270
THA,Thailand,Phuket,,7.8906,98.3981,432220
THA,Thailand,Ratchaburi,,13.5367,99.8169,405530
THA,Thailand,Rayong,,12.681,101.258,538150
THA,Thailand,Roi Et,,16.0567,103.6531,440610
THA,Thailand,Sakon Nakhon,,17.1611,104.1472,381080
THA,Thailand,Samut Prakan,,13.5993,100.5968,1306940
THA,Thailand,Samut Sakhon,,13.5475,100.2736,578270
THA,Thailand,Songkhla,,7.1988,100.5951,966600
THA,Thailand,Suphan Buri,,14.4742,100.1222,337630
THA,Thailand,Surat Thani,,9.1401,99.3331,495970
THA,Thailand,Ubon Ratchathani,,15.2384,104.8487,495310
THA,Thailand,Udon Thani,,17.4157,102.7859,570120
TGO,Togo,Lomé,,6.1375,1.2123,1827880
TTO,Trinidad and Tobago,Port of Spain,,10.6662,-61.5166,544210
TUN,Tunisia,Safaqis,,34.7485,10.7562,630180
TUN,Tunisia,Tunis,,36.819,10.1658,2365200
TUR,Turkey,Adana,,37.0017,35.3289,1770850
TUR,Turkey,Ankara,,39.9199,32.8543,5117600
TUR,Turkey,Antalya,,36.9081,30.6956,1253870
TUR,Turkey,Balikesir,,39.6492,27.8861,319060
TUR,Turkey,Batman,,37.8874,41.1322,437020
TUR,Turkey,Bursa,,40.1917,29.0611,1986270
TUR,Turkey,Denizli,,37.7742,29.0875,644780
TUR,Turkey,Diyarbakir,,37.9158,40.2189,1039490
TUR,Turkey,Elazig,,38.6743,39.2232,408390
TUR,Turkey,Erzurum,,39.9086,41.2769,431280
TUR,Turkey,Eskisehir,,39.7767,30.5206,783670
TUR,Turkey,Gaziantep,,37.0594,37.3825,1704120
TUR,Turkey,Gebze,,40.8028,29.4307,744670
TUR,Turkey,Istanbul,,41.0138,28.9497,15190340
TUR,Turkey,Izmir,,38.4127,27.1384,2992950
TUR,Turkey,Izmit,,40.7748,29.9491,347040
TUR,Turkey,Kahramanmaras,,37.5847,36.9264,546690
TUR,Turkey,Kayseri,,38.7322,35.4853,973510
TUR,Turkey,Konya,,37.8714,32.4846,1328140
TUR,Turkey,Malatya,,38.35,38.3167,496000
TUR,Turkey,Manisa,,38.611999999999995,27.4265,381190
TUR,Turkey,Mersin,,36.8,34.6333,1016020
TUR,Turkey,Sakarya,,40.7738,30.4024,539450
TUR,Turkey,Samsun,,41.2833,36.3333,642590
TUR,Turkey,Sanliurfa,,37.1671,38.7939,590520
TUR,Turkey,Sivas,,39.75,37.0333,365770
TUR,Turkey,Van,,38.5,43.3833,511390
TKM,Turkmenistan,Ashgabat,,37.95,58.3833,846260
UGA,Uganda,Kampala,,0.3163,32.5822,3298360
UKR,Ukraine,Dnipro,,48.45,34.9833,957350
UKR,Ukraine,Donetsk,,48.023,37.8022,905530
UKR,Ukraine,Kharkiv,,49.9808,36.2527,1429000
UKR,Ukraine,Kryvyi Rih,,47.9108,33.3925,618710
UKR,Ukraine,Kyiv ,Kiev,50.4454,30.5186,2988180
UKR,Ukraine,Luhansk,,48.5671,39.3171,401800
UKR,Ukraine,Lviv,,49.838,24.0325,723760
UKR,Ukraine,Makiivka,,48.0478,37.9258,338830
UKR,Ukraine,Mariupol,,47.0667,37.5,439510
UKR,Ukraine,Mykolaiv,,46.9659,31.9974,484660
UKR,Ukraine,Odesa,,46.4775,30.7326,1009290
UKR,Ukraine,Sevastopol,,44.5888,33.5224,394680
UKR,Ukraine,Simferopol,,44.9572,34.1108,340380
UKR,Ukraine,Vinnitsa,,49.2328,28.480999999999998,375310
UKR,Ukraine,Zaporizhzhya,,47.8229,35.1903,736170
ARE,United Arab Emirates,Abu Zaby ,Abu Dhabi,24.4648,54.3618,1482820
ARE,United Arab Emirates,Ajman,,25.4111,55.435,392070
ARE,United Arab Emirates,Al-Ain,,24.1917,55.7606,610890
ARE,United Arab Emirates,Ash-Shariqah ,Sharjah,25.3573,55.4033,1684650
ARE,United Arab Emirates,Dubayy ,Dubai,25.2721,55.3113,2878340
GBR,United Kingdom,Belfast,,54.5947,-5.9298,630630
GBR,United Kingdom,Birkenhead,,53.3934,-3.0148,329050
GBR,United Kingdom,Birmingham ,West Midlands,52.4814,-1.8998,2607440
GBR,United Kingdom,Bournemouth/Poole,,50.7205,-1.8795,505690
GBR,United Kingdom,Brighton-Worthing-Littlehampton,,50.8284,-0.1395,606910
GBR,United Kingdom,Bristol,,51.4552,-2.5966,686210
GBR,United Kingdom,Cardiff,,51.48,-3.18,477630
GBR,United Kingdom,Coventry-Bedworth,,52.4066,-1.5122,425570
GBR,United Kingdom,Edinburgh,,55.9521,-3.1965,536780
GBR,United Kingdom,Glasgow,,55.8652,-4.2576,1673330
GBR,United Kingdom,Kingston upon Hull,,53.7483,-0.33399999999999996,320830
GBR,United Kingdom,Leicester,,52.6386,-1.1317,552180
GBR,United Kingdom,Liverpool,,53.4106,-2.9779,901710
GBR,United Kingdom,London,,51.5085,-0.1257,9304020
GBR,United Kingdom,Manchester,,53.481,-2.2374,2730080
GBR,United Kingdom,Newcastle upon Tyne,,54.9733,-1.614,809480
GBR,United Kingdom,Newport,,51.5847,-2.9979,316370
GBR,United Kingdom,Nottingham,,52.9536,-1.1505,787610
GBR,United Kingdom,Preston,,53.761,-2.7024,328160
GBR,United Kingdom,Reading-Wokingham,,51.4112,-0.8356,342120
GBR,United Kingdom,Sheffield,,53.383,-1.4659,730160
GBR,United Kingdom,Southampton/Portsmouth ,South Hampshire,50.9117,-1.4036,927920
GBR,United Kingdom,Southend-On-Sea,,51.5378,0.7143,312330
GBR,United Kingdom,Stoke-on-Trent ,The Potteries,53.0042,-2.1854,386010
GBR,United Kingdom,Sunderland,,54.9119,-1.3833,341370
GBR,United Kingdom,Swansea,,51.6208,-3.9432,311410
GBR,United Kingdom,Teeside ,Middlesbrough,54.5762,-1.2348,387390
GBR,United Kingdom,West Yorkshire,,53.7984,-1.7649,1889100
TZA,United Republic of Tanzania,Arusha,,-3.3667,36.6833,492920
TZA,United Republic of Tanzania,Dar es Salaam,,-6.8235,39.2695,6701650
TZA,United Republic of Tanzania,Mbeya,,-8.9,33.45,566070
TZA,United Republic of Tanzania,Morogoro,,-6.8167,37.6667,408740
TZA,United Republic of Tanzania,Mwanza,,-2.5167,32.9,1120430
TZA,United Republic of Tanzania,Songea,,-10.6833,35.65,352780
TZA,United Republic of Tanzania,Zanzibar,,-6.1639,39.1979,705080
USA,United States of America,Akron,,41.0814,-81.51899999999999,565110
USA,United States of America,Albany,,42.66,-73.78,629610
USA,United States of America,Albuquerque,,35.1107,-106.61,914750
USA,United States of America,Allentown-Bethlehem,,40.6091,-75.476,762560
USA,United States of America,Ann Arbor,,42.2776,-83.7409,327980
USA,United States of America,Antioch,,38.0,-121.81,352830
USA,United States of America,Asheville,,35.5799,-82.5558,354030
USA,United States of America,Atlanta,,33.76,-84.4,5803070
USA,United States of America,Augusta-Richmond County,,33.4671,-81.9902,443500
USA,United States of America,Austin,,30.27,-97.74,2053310
USA,United States of America,Bakersfield,,35.3573,-119.0317,690620
USA,United States of America,Baltimore,,39.2904,-76.6122,2325090
USA,United States of America,Baton Rouge,,30.4508,-91.1546,734190
USA,United States of America,Birmingham,,33.5157,-86.8011,842070
USA,United States of America,Boise City,,43.6195,-116.2123,446760
USA,United States of America,Bonita Springs-Naples,,26.3398,-81.7787,433860
USA,United States of America,Boston,,42.3479,-71.0645,4308630
USA,United States of America,Bridgeport-Stamford,,41.167,-73.2048,953240
USA,United States of America,Buffalo,,42.8879,-78.8716,890640
USA,United States of America,Cape Coral,,26.6396,-81.9825,851360
USA,United States of America,Charleston-North Charleston,,32.7893,-79.9863,707560
USA,United States of America,Charlotte,,35.2271,-80.8431,2054070
USA,United States of America,Chattanooga,,35.0455,-85.2673,420540
USA,United States of America,Chicago,,41.85,-87.6501,8865010
USA,United States of America,Cincinnati,,39.1047,-84.5188,1746270
USA,United States of America,Cleveland,,41.4986,-81.6874,1763210
USA,United States of America,Colorado Springs,,38.8634,-104.7919,668270
USA,United States of America,"Columbia, South Carolina",,33.9995,-81.0365,716040
USA,United States of America,"Columbus, Ohio",,39.9622,-83.0002,1644020
USA,United States of America,Concord,,37.978,-122.0311,682890
USA,United States of America,Concord,,35.4088,-80.5795,401260
USA,United States of America,Corpus Christi,,27.7429,-97.4019,346590
USA,United States of America,Dallas-Fort Worth,,32.7254,-97.3209,6300660
USA,United States of America,Dayton,,39.7584,-84.1929,740750
USA,United States of America,Daytona Beach-Port Orange,,29.1383,-80.9956,475590
USA,United States of America,Denton-Lewisville,,33.0467,-96.9941,445220
USA,United States of America,Denver-Aurora,,39.7343,-104.9831,2826680
USA,United States of America,Des Moines,,41.6005,-93.6091,544270
USA,United States of America,Detroit,,42.3871,-83.1026,3547510
USA,United States of America,Durham,,35.9886,-78.9072,417920
USA,United States of America,El Paso,,31.7776,-106.4425,951270
USA,United States of America,Fayetteville,,35.0667,-78.9176,346520
USA,United States of America,Fayetteville-Springdale,,36.1867,-94.1295,504000
USA,United States of America,Flint,,43.0276,-83.694,345230
USA,United States of America,Fort Collins,,40.5592,-105.0783,336940
USA,United States of America,Fort Wayne,,41.0783,-85.1265,339620
USA,United States of America,Fresno,,36.7545,-119.7711,768550
USA,United States of America,Grand Rapids,,42.9564,-85.6649,599000
USA,United States of America,Greensboro,,36.0732,-79.7918,361150
USA,United States of America,Greenville,,34.8498,-82.3973,528850
USA,United States of America,Harrisburg,,40.2717,-76.885,542170
USA,United States of America,Hartford,,41.7637,-72.6851,998850
USA,United States of America,Honolulu,,21.309,-157.8262,891840
USA,United States of America,Houston,,29.7602,-95.3694,6370700
USA,United States of America,Huntsville,,34.7297,-86.5898,384080
USA,United States of America,Indianapolis,,39.7909,-86.1477,1807150
USA,United States of America,Indio-Cathedral City-Palm Springs,,33.7199,-116.2319,467020
USA,United States of America,"Jackson, Mississippi",,32.2957,-90.184,420210
USA,United States of America,"Jacksonville, Florida",,30.3322,-81.6557,1280210
USA,United States of America,Kansas City,,39.1142,-94.6275,1686280
USA,United States of America,Kissimmee,,28.3047,-81.4167,527790
USA,United States of America,Knoxville,,35.9607,-83.9277,740840
USA,United States of America,Lafayette,,30.2242,-92.0197,357600
USA,United States of America,Lakeland,,28.0412,-81.959,344400
USA,United States of America,Lancaster,,40.0379,-76.3055,497340
USA,United States of America,Lancaster-Palmdale,,34.6869,-118.1509,490880
USA,United States of America,Lansing,,42.7284,-84.5514,325670
USA,United States of America,Laredo,,27.5244,-99.4906,315370
USA,United States of America,Las Vegas,,36.1699,-115.1398,2698680
USA,United States of America,Lexington-Fayette,,38.0296,-84.4946,334000
USA,United States of America,Little Rock,,34.742,-92.2754,514059
USA,United States of America,Los Angeles-Long Beach-Santa Ana,,34.0317,-118.2417,12446600
USA,United States of America,Louisville,,38.2419,-85.7631,1089500
USA,United States of America,Madison,,43.0697,-89.4001,487390
USA,United States of America,McAllen,,26.2163,-98.2364,1012210
USA,United States of America,Memphis,,35.1408,-90.0475,1149540
USA,United States of America,Miami,,25.7891,-80.204,6122130
USA,United States of America,Milwaukee,,43.0389,-87.9065,1438920
USA,United States of America,Minneapolis-St. Paul,,44.9731,-93.2699,2926090
USA,United States of America,Mission Viejo,,33.6,-117.67200000000001,635620
USA,United States of America,Mobile,,30.6944,-88.0431,332920
USA,United States of America,Modesto,,37.6615,-120.9945,410500
USA,United States of America,Montgomery,,32.372,-86.3045,352500
USA,United States of America,Myrtle Beach,,33.6891,-78.8867,376620
USA,United States of America,Nashville-Davidson,,36.161,-86.78299999999999,1248730
USA,United States of America,New Haven,,41.3019,-72.9299,592730
USA,United States of America,New Orleans,,29.9547,-90.0751,991750
USA,United States of America,New York,,40.717,-74.0037,18803550
USA,United States of America,Ogden-Layton,,41.223,-111.9738,710700
USA,United States of America,Oklahoma City,,35.4675,-97.5164,988580
USA,United States of America,Omaha,,41.2586,-95.9378,834660
USA,United States of America,Orlando,,28.5383,-81.3792,1963880
USA,United States of America,Oxnard,,34.1975,-119.1771,397300
USA,United States of America,Palm Bay-Melbourne,,28.059,-80.5983,518669
USA,United States of America,Pensacola,,30.4213,-87.2169,355040
USA,United States of America,Philadelphia,,39.9523,-75.1638,5716760
USA,United States of America,Phoenix-Mesa,,33.4495,-112.0747,4511420
USA,United States of America,Pittsburgh,,40.4418,-79.9882,1703530
USA,United States of America,Port St. Lucie,,27.2939,-80.3503,520610
USA,United States of America,Portland,,45.5215,-122.6799,2151050
USA,United States of America,Poughkeepsie-Newburgh,,41.6018,-73.9656,507370
USA,United States of America,Providence,,41.824,-71.4177,1199970
USA,United States of America,Provo-Orem,,40.2338,-111.6585,766270
USA,United States of America,Raleigh,,35.7789,-78.6375,1443810
USA,United States of America,Reno,,39.5296,-119.8138,504390
USA,United States of America,Richmond,,37.5432,-77.4382,1104980
USA,United States of America,Riverside-San Bernardino,,33.9534,-117.3962,2469090
USA,United States of America,Rochester,,43.1569,-77.6046,743190
USA,United States of America,Rockford,,42.2713,-89.0957,324100
USA,United States of America,Round Lake Beach-McHenry-Grayslake,,42.354,-88.1005,370210
USA,United States of America,Sacramento,,38.5816,-121.4944,2122800
USA,United States of America,Salt Lake City,,40.7547,-111.8926,1169020
USA,United States of America,San Antonio,,29.4241,-98.4935,2320140
USA,United States of America,San Diego,,32.7153,-117.1573,3251060
USA,United States of America,San Francisco-Oakland,,37.7599,-122.4374,3313700
USA,United States of America,San Jose,,37.3394,-121.895,1790840
USA,United States of America,Santa Clarita,,34.3917,-118.5426,391550
USA,United States of America,Santa Rosa,,38.4405,-122.7144,330990
USA,United States of America,Sarasota-Bradenton,,27.3364,-82.5307,736180
USA,United States of America,Savannah,,32.0671,-81.1005,323940
USA,United States of America,Scranton,,41.4106,-75.6674,375330
USA,United States of America,Seattle,,47.6264,-122.3331,3432940
USA,United States of America,Shreveport,,32.468,-93.7711,321540
USA,United States of America,Spokane,,47.6733,-117.4103,446990
USA,United States of America,"Springfield, Massachusett, Connecticut",,42.1015,-72.5898,669160
USA,United States of America,"Springfield, Missouri",,37.2083,-93.2914,347080
USA,United States of America,St. Louis,,38.6286,-90.1972,2212730
USA,United States of America,Stockton,,37.9577,-121.2908,436120
USA,United States of America,Syracuse,,43.0468,-76.1475,419990
USA,United States of America,Tampa-St. Petersburg,,27.9475,-82.4584,2877270
USA,United States of America,Temecula-Murrieta,,33.5364,-117.1631,848480
USA,United States of America,The Woodlands,,30.163,-95.4558,569770
USA,United States of America,Toledo,,41.6565,-83.5499,509060
USA,United States of America,Trenton,,40.2171,-74.7429,328510
USA,United States of America,Tucson,,32.2145,-110.9182,982020
USA,United States of America,Tulsa,,36.1313,-95.9373,765810
USA,United States of America,Victorville-Hesperia-Apple Valley,,34.534,-117.2958,537450
USA,United States of America,Virginia Beach,,36.8345,-76.0872,1477250
USA,United States of America,Visalia,,36.3241,-119.3073,401040
USA,United States of America,"Washington, D.C.",,38.8951,-77.0364,5321730
USA,United States of America,Wichita,,37.6888,-97.3362,526680
USA,United States of America,Winston-Salem,,36.1028,-80.2605,508960
USA,United States of America,Worcester,,42.2626,-71.8023,547740
USA,United States of America,Youngstown,,41.0963,-80.6493,357210
URY,Uruguay,Montevideo,,-34.8335,-56.1674,1752390
UZB,Uzbekistan,Andizhan,,40.7831,72.3439,442860
UZB,Uzbekistan,Namangan,,40.9983,71.6726,528760
UZB,Uzbekistan,Nukus,,42.4531,59.6103,338180
UZB,Uzbekistan,Samarkand,,39.6542,66.9597,578760
UZB,Uzbekistan,Tashkent,,41.2647,69.2163,2517380
VEN,"Venezuela, Bolivarian Republic of",Acarigua-Aruare,,9.5545,-69.1956,338980
VEN,"Venezuela, Bolivarian Republic of",Barcelona-Puerto La Cruz,,10.2167,-64.6167,793640
VEN,"Venezuela, Bolivarian Republic of",Barinas,,8.6226,-70.2075,380480
VEN,"Venezuela, Bolivarian Republic of",Barquisimeto,,10.0739,-69.3228,1214360
VEN,"Venezuela, Bolivarian Republic of",Cabimas,,10.3883,-71.4399,578220
VEN,"Venezuela, Bolivarian Republic of",Caracas,,10.488,-66.8792,2938990
VEN,"Venezuela, Bolivarian Republic of",Ciudad Bolivar,,8.1292,-63.5409,402480
VEN,"Venezuela, Bolivarian Republic of",Ciudad Guayana,,8.3512,-62.641000000000005,917700
VEN,"Venezuela, Bolivarian Republic of",Cumana,,10.4635,-64.1775,393020
VEN,"Venezuela, Bolivarian Republic of",Guarenas-Guatire,,10.4674,-66.6066,451540
VEN,"Venezuela, Bolivarian Republic of",Maracaibo,,10.6317,-71.6406,2258000
VEN,"Venezuela, Bolivarian Republic of",Maracay,,10.2469,-67.5958,1203230
VEN,"Venezuela, Bolivarian Republic of",Maturin,,9.75,-63.1767,694720
VEN,"Venezuela, Bolivarian Republic of",Merida,,8.5952,-71.1434,343830
VEN,"Venezuela, Bolivarian Republic of",San Cristóbal,,7.7669,-72.225,471050
VEN,"Venezuela, Bolivarian Republic of",Valencia,,10.162,-68.0077,1910190
VNM,Viet Nam,Bien Hoa,,10.95,106.8167,1013060
VNM,Viet Nam,Can Tho,,10.0333,105.7833,1617600
VNM,Viet Nam,Da Nang,,16.0513,108.2124,1125320
VNM,Viet Nam,Hà Noi,,21.0245,105.8412,4678200
VNM,Viet Nam,Hai Phòng,,20.8648,106.6835,1300090
VNM,Viet Nam,Hue,,16.4667,107.6,400320
VNM,Viet Nam,Long Xuyen,,10.3833,105.4167,321100
VNM,Viet Nam,Nha Trang,,12.25,109.1833,329370
VNM,Viet Nam,Thành Pho Ho Chí Minh ,Ho Chi Minh City,10.75,106.6667,8602320
VNM,Viet Nam,Thu Dau Mot,,10.9667,106.65,413400
VNM,Viet Nam,Vungtau,,10.345999999999998,107.0843,417820
YEM,Yemen,Adan ,Aden,12.7988,45.0359,980460
YEM,Yemen,Al-Hudaydah,,14.7978,42.9545,668900
YEM,Yemen,Al-Mukalla,,14.5425,49.1242,506360
YEM,Yemen,Dhamar,,14.5427,44.4051,351040
YEM,Yemen,Ibb,,13.9667,44.1833,648890
YEM,Yemen,Sana'a',,15.3531,44.2078,2972990
YEM,Yemen,Ta'izz,,13.5795,44.0209,845150
ZMB,Zambia,Kitwe,,-12.8167,28.2,685910
ZMB,Zambia,Lusaka,,-15.4134,28.2771,2774130
ZMB,Zambia,Ndola,,-12.9587,28.6366,542500
ZWE,Zimbabwe,Bulawayo,,-20.15,28.5833,638190
ZWE,Zimbabwe,Chitungwiza,,-18.0127,31.0756,386450
ZWE,Zimbabwe,Harare,,-17.8294,31.0539,1529920
